{
"type": "FeatureCollection",
"name": "districts_wgs84",
"crs": { "type": "name", "properties": { "name": "urn:ogc:def:crs:OGC:1.3:CRS84" } },
"features": [
{ "type": "Feature", "properties": { "adcode": "110101", "name": "东城区", "source": "OSM(直接)", "area_km2": 41.915, "note": "" }, "geometry": { "type": "MultiPolygon", "coordinates": [ [ [ [ 116.4423541, 39.9018383 ], [ 116.4424112, 39.9015772 ], [ 116.4424651, 39.9014644 ], [ 116.4426171, 39.9011461 ], [ 116.4426589, 39.9009233 ], [ 116.4426735, 39.9007905 ], [ 116.4426981, 39.9004305 ], [ 116.442658, 39.8997543 ], [ 116.4422946, 39.8996996 ], [ 116.4419539, 39.8997291 ], [ 116.4416567, 39.8997356 ], [ 116.4407302, 39.8997011 ], [ 116.4396892, 39.8995932 ], [ 116.4397605, 39.8986684 ], [ 116.4406104, 39.8986232 ], [ 116.4407864, 39.8956183 ], [ 116.4409778, 39.8928622 ], [ 116.4413416, 39.8928158 ], [ 116.4414301, 39.8924583 ], [ 116.4417486, 39.8924402 ], [ 116.4417191, 39.8922998 ], [ 116.4440024, 39.8922616 ], [ 116.44401, 39.8906484 ], [ 116.4445704, 39.8905398 ], [ 116.4446766, 39.8901822 ], [ 116.4446294, 39.8887157 ], [ 116.4439569, 39.8887112 ], [ 116.4437655, 39.888864 ], [ 116.4437655, 39.8889636 ], [ 116.4431933, 39.8890994 ], [ 116.4421373, 39.889113 ], [ 116.4419721, 39.8893755 ], [ 116.4409964, 39.8894647 ], [ 116.4408277, 39.8895022 ], [ 116.4405445, 39.8896425 ], [ 116.4405327, 39.8897376 ], [ 116.4397594, 39.8897314 ], [ 116.4397889, 39.8886588 ], [ 116.4378577, 39.8885361 ], [ 116.4385898, 39.8831729 ], [ 116.4389761, 39.8803427 ], [ 116.4394031, 39.8783275 ], [ 116.4394237, 39.878008 ], [ 116.4394502, 39.8775988 ], [ 116.4394421, 39.8770993 ], [ 116.4392252, 39.8764827 ], [ 116.4386271, 39.8753648 ], [ 116.438159, 39.8745191 ], [ 116.4379476, 39.8739903 ], [ 116.4376558, 39.8725163 ], [ 116.4375942, 39.8722225 ], [ 116.4373934, 39.8711663 ], [ 116.4373174, 39.8708701 ], [ 116.4371295, 39.8706787 ], [ 116.4368345, 39.8704979 ], [ 116.4364974, 39.87044 ], [ 116.4327662, 39.8706072 ], [ 116.4301029, 39.8707266 ], [ 116.4282334, 39.8708103 ], [ 116.4277306, 39.8708383 ], [ 116.4265278, 39.8709052 ], [ 116.42225, 39.8711624 ], [ 116.4190146, 39.871363 ], [ 116.4168177, 39.871394 ], [ 116.4162157, 39.8711331 ], [ 116.4157578, 39.8709558 ], [ 116.4153641, 39.870823 ], [ 116.4151606, 39.8707644 ], [ 116.4149798, 39.8707203 ], [ 116.4144097, 39.8705959 ], [ 116.4138088, 39.8704973 ], [ 116.4133045, 39.8704366 ], [ 116.409956, 39.8701227 ], [ 116.4100401, 39.8692624 ], [ 116.4074007, 39.8691646 ], [ 116.4074452, 39.8682535 ], [ 116.40943, 39.8682831 ], [ 116.409437, 39.8681134 ], [ 116.4086687, 39.8680975 ], [ 116.408684, 39.8678547 ], [ 116.4087044, 39.8674121 ], [ 116.4089073, 39.8674176 ], [ 116.4089908, 39.8656553 ], [ 116.4094493, 39.8656648 ], [ 116.4094526, 39.8655547 ], [ 116.4094585, 39.865428 ], [ 116.410381, 39.8654534 ], [ 116.4103945, 39.865162 ], [ 116.4104243, 39.8644113 ], [ 116.4097654, 39.8643913 ], [ 116.4096104, 39.8643864 ], [ 116.4096164, 39.8642402 ], [ 116.4096216, 39.8640977 ], [ 116.4096277, 39.8640141 ], [ 116.4094516, 39.8640092 ], [ 116.4094608, 39.8637589 ], [ 116.4095425, 39.8622809 ], [ 116.4094083, 39.8620867 ], [ 116.409422, 39.8618432 ], [ 116.4091407, 39.8618338 ], [ 116.4091343, 39.8619467 ], [ 116.4086928, 39.8619322 ], [ 116.4086861, 39.8620518 ], [ 116.4081449, 39.862034 ], [ 116.4081204, 39.8624739 ], [ 116.40778, 39.8624628 ], [ 116.4078268, 39.8612846 ], [ 116.4078533, 39.8605571 ], [ 116.4074828, 39.8605483 ], [ 116.4075011, 39.8598568 ], [ 116.4075161, 39.8594794 ], [ 116.4072279, 39.8594762 ], [ 116.4072522, 39.8586764 ], [ 116.4048565, 39.8586458 ], [ 116.4048758, 39.8574913 ], [ 116.4020268, 39.8575051 ], [ 116.4006828, 39.8585396 ], [ 116.3984485, 39.8583722 ], [ 116.3983653, 39.8583695 ], [ 116.3945058, 39.8582323 ], [ 116.3937562, 39.8582125 ], [ 116.3938137, 39.8572241 ], [ 116.3929373, 39.8572032 ], [ 116.3917734, 39.8572102 ], [ 116.3892834, 39.8572453 ], [ 116.3892038, 39.8599782 ], [ 116.3888674, 39.8604082 ], [ 116.3887075, 39.8612752 ], [ 116.3886951, 39.8613427 ], [ 116.3880314, 39.8613442 ], [ 116.3880314, 39.8609385 ], [ 116.3869166, 39.8609765 ], [ 116.3868847, 39.8623511 ], [ 116.3850035, 39.8623549 ], [ 116.3849732, 39.8638249 ], [ 116.3830352, 39.8637705 ], [ 116.38135, 39.8637399 ], [ 116.3816129, 39.8646185 ], [ 116.3816832, 39.8649043 ], [ 116.3816996, 39.8656757 ], [ 116.3815338, 39.8656664 ], [ 116.381489, 39.8655504 ], [ 116.3793899, 39.8650068 ], [ 116.3792855, 39.8652351 ], [ 116.3785484, 39.8650362 ], [ 116.3785901, 39.8649328 ], [ 116.3782782, 39.8648486 ], [ 116.375295, 39.8646956 ], [ 116.3751403, 39.8650499 ], [ 116.3749172, 39.8652673 ], [ 116.3742394, 39.8655702 ], [ 116.3734415, 39.8656492 ], [ 116.3723863, 39.8654286 ], [ 116.3723605, 39.8657677 ], [ 116.3724892, 39.8657842 ], [ 116.3724849, 39.8658797 ], [ 116.3722747, 39.8658435 ], [ 116.3722747, 39.8660114 ], [ 116.3733211, 39.8660262 ], [ 116.3733527, 39.8664446 ], [ 116.3749725, 39.8665983 ], [ 116.3749301, 39.867213 ], [ 116.3750211, 39.8672176 ], [ 116.3750109, 39.8675065 ], [ 116.3754666, 39.8675389 ], [ 116.3753258, 39.8685012 ], [ 116.3751431, 39.8684846 ], [ 116.375008, 39.8697624 ], [ 116.3815876, 39.8702408 ], [ 116.3839689, 39.8703845 ], [ 116.3930049, 39.8707659 ], [ 116.3929749, 39.8715587 ], [ 116.3929055, 39.8728808 ], [ 116.3928891, 39.873193 ], [ 116.3928808, 39.8733815 ], [ 116.3928569, 39.873799 ], [ 116.3928487, 39.873988 ], [ 116.3928243, 39.8744379 ], [ 116.3928157, 39.874628 ], [ 116.3927877, 39.8751496 ], [ 116.3927627, 39.8755337 ], [ 116.3927574, 39.8756151 ], [ 116.3927364, 39.8759848 ], [ 116.3927289, 39.8761661 ], [ 116.3927007, 39.8767021 ], [ 116.3926922, 39.8768818 ], [ 116.3926678, 39.877319 ], [ 116.3926398, 39.8778462 ], [ 116.3925984, 39.8786248 ], [ 116.392571, 39.8786251 ], [ 116.3925385, 39.8786758 ], [ 116.3925189, 39.8791841 ], [ 116.3925012, 39.8793452 ], [ 116.3924507, 39.8798032 ], [ 116.3923499, 39.8819859 ], [ 116.3923273, 39.8823453 ], [ 116.3923225, 39.8824225 ], [ 116.3921972, 39.8848642 ], [ 116.3921652, 39.8852594 ], [ 116.39215, 39.8855991 ], [ 116.39214, 39.8859059 ], [ 116.3921482, 39.88623 ], [ 116.3921568, 39.886462 ], [ 116.3920077, 39.8897197 ], [ 116.3920156, 39.8899083 ], [ 116.391589, 39.8972132 ], [ 116.3913927, 39.8972791 ], [ 116.3912252, 39.8973339 ], [ 116.3906553, 39.8975278 ], [ 116.3904771, 39.8975876 ], [ 116.3903351, 39.8976436 ], [ 116.3902387, 39.8976858 ], [ 116.3901215, 39.8977545 ], [ 116.3900143, 39.8978368 ], [ 116.3899041, 39.897938 ], [ 116.3898197, 39.8980416 ], [ 116.389756, 39.8981618 ], [ 116.3897538, 39.8983073 ], [ 116.3897858, 39.8984686 ], [ 116.3897731, 39.8987234 ], [ 116.3897173, 39.8990453 ], [ 116.3896403, 39.9003393 ], [ 116.3895036, 39.9029761 ], [ 116.3893703, 39.9056095 ], [ 116.3893227, 39.9065481 ], [ 116.3885066, 39.9065321 ], [ 116.3885016, 39.9066328 ], [ 116.3858064, 39.9065723 ], [ 116.3858082, 39.9067864 ], [ 116.386067, 39.9067903 ], [ 116.3863097, 39.9070093 ], [ 116.3865552, 39.9072261 ], [ 116.3864702, 39.9090768 ], [ 116.3864068, 39.9090764 ], [ 116.386397, 39.9092783 ], [ 116.3855982, 39.9092668 ], [ 116.385562, 39.9102915 ], [ 116.3855462, 39.9108762 ], [ 116.3854912, 39.910876 ], [ 116.3854876, 39.9109724 ], [ 116.3858218, 39.9109847 ], [ 116.3858087, 39.9115304 ], [ 116.3863698, 39.911554 ], [ 116.3863482, 39.9120788 ], [ 116.3863166, 39.9132294 ], [ 116.3862988, 39.9136226 ], [ 116.3862715, 39.9136219 ], [ 116.3862657, 39.9137263 ], [ 116.3859649, 39.9195828 ], [ 116.3859091, 39.9210602 ], [ 116.3881468, 39.921138 ], [ 116.3892274, 39.9211726 ], [ 116.3896376, 39.9211889 ], [ 116.3902804, 39.9212139 ], [ 116.3902449, 39.9218131 ], [ 116.3902307, 39.9220571 ], [ 116.3916601, 39.9221053 ], [ 116.3930058, 39.9221579 ], [ 116.3929922, 39.9224951 ], [ 116.3929721, 39.9229357 ], [ 116.3929077, 39.9245077 ], [ 116.392911, 39.9245421 ], [ 116.3928559, 39.9256613 ], [ 116.3927916, 39.926842 ], [ 116.3903481, 39.9267971 ], [ 116.3901578, 39.9313502 ], [ 116.3901265, 39.9319946 ], [ 116.3901021, 39.9324982 ], [ 116.3899532, 39.9352221 ], [ 116.389929, 39.935704 ], [ 116.3898746, 39.9366605 ], [ 116.3898018, 39.9381028 ], [ 116.3897636, 39.9386978 ], [ 116.3888661, 39.9391852 ], [ 116.3879007, 39.93924 ], [ 116.3876623, 39.9453588 ], [ 116.3875792, 39.9475446 ], [ 116.3875719, 39.948084 ], [ 116.387501, 39.9500205 ], [ 116.3873193, 39.95002 ], [ 116.3871297, 39.9557273 ], [ 116.3839187, 39.9555765 ], [ 116.3811182, 39.9554217 ], [ 116.3802915, 39.9553737 ], [ 116.3802446, 39.9553772 ], [ 116.3813259, 39.9596932 ], [ 116.3833201, 39.9597442 ], [ 116.3832697, 39.9615316 ], [ 116.3912265, 39.9617591 ], [ 116.3916863, 39.9612987 ], [ 116.3927362, 39.9613026 ], [ 116.3928443, 39.9610951 ], [ 116.394486, 39.9607515 ], [ 116.3948976, 39.9607296 ], [ 116.3954015, 39.9608522 ], [ 116.3967111, 39.9608267 ], [ 116.3968638, 39.9608236 ], [ 116.3974834, 39.9604916 ], [ 116.3981997, 39.9605635 ], [ 116.3990044, 39.9603768 ], [ 116.3991152, 39.9603529 ], [ 116.3992214, 39.9603502 ], [ 116.3992323, 39.9607491 ], [ 116.3993748, 39.9607416 ], [ 116.4001223, 39.9607188 ], [ 116.4014106, 39.9606834 ], [ 116.4014925, 39.9606812 ], [ 116.4015861, 39.9606731 ], [ 116.4014948, 39.9650807 ], [ 116.4014387, 39.9654746 ], [ 116.4012946, 39.9660447 ], [ 116.4012554, 39.9662918 ], [ 116.4011423, 39.9688234 ], [ 116.4013569, 39.9699156 ], [ 116.4012823, 39.9725781 ], [ 116.4029916, 39.9726465 ], [ 116.4030121, 39.9725643 ], [ 116.403104, 39.97249 ], [ 116.4030529, 39.9718675 ], [ 116.4031692, 39.9709859 ], [ 116.402991, 39.9709491 ], [ 116.4025421, 39.9709163 ], [ 116.4025779, 39.9703095 ], [ 116.4027618, 39.9703056 ], [ 116.402772, 39.9699963 ], [ 116.4026443, 39.9699767 ], [ 116.4026443, 39.969918 ], [ 116.4050042, 39.9698749 ], [ 116.4050265, 39.9674647 ], [ 116.4050183, 39.9652735 ], [ 116.4050121, 39.9636166 ], [ 116.405655, 39.9635889 ], [ 116.405661, 39.963147 ], [ 116.4057479, 39.9631352 ], [ 116.4057427, 39.9624031 ], [ 116.4077816, 39.9624705 ], [ 116.407837, 39.9605743 ], [ 116.4188448, 39.9607841 ], [ 116.4189252, 39.957992 ], [ 116.4242347, 39.9581366 ], [ 116.4243028, 39.9580681 ], [ 116.4243466, 39.9563275 ], [ 116.4246116, 39.9563322 ], [ 116.4246116, 39.9561752 ], [ 116.4242382, 39.9561567 ], [ 116.4243165, 39.9552705 ], [ 116.4237866, 39.9552566 ], [ 116.4237685, 39.9557782 ], [ 116.4236059, 39.9557598 ], [ 116.4235879, 39.9556582 ], [ 116.4227569, 39.9556121 ], [ 116.4229385, 39.9542815 ], [ 116.4226745, 39.9542619 ], [ 116.4227171, 39.95278 ], [ 116.4231089, 39.9527213 ], [ 116.4231198, 39.9520452 ], [ 116.4231858, 39.9519744 ], [ 116.4235025, 39.9519744 ], [ 116.4234805, 39.9518058 ], [ 116.4237796, 39.9517957 ], [ 116.4237708, 39.9514618 ], [ 116.4238544, 39.9514618 ], [ 116.423806, 39.9511786 ], [ 116.4239511, 39.9511584 ], [ 116.4239643, 39.9509662 ], [ 116.4245229, 39.9509561 ], [ 116.4245273, 39.950865 ], [ 116.424822, 39.9508718 ], [ 116.4248396, 39.9506122 ], [ 116.4245669, 39.9506155 ], [ 116.4245801, 39.9504739 ], [ 116.4240039, 39.9504672 ], [ 116.4240391, 39.949695 ], [ 116.4237224, 39.949695 ], [ 116.423696, 39.9504166 ], [ 116.4229131, 39.9503829 ], [ 116.4229043, 39.9497928 ], [ 116.4232606, 39.9496276 ], [ 116.4238808, 39.949604 ], [ 116.4239346, 39.948801 ], [ 116.4258211, 39.94881 ], [ 116.4270965, 39.948768 ], [ 116.4273721, 39.9487059 ], [ 116.4276335, 39.948595 ], [ 116.4277219, 39.948512 ], [ 116.4278631, 39.9482954 ], [ 116.4278855, 39.9480619 ], [ 116.4279048, 39.9478614 ], [ 116.4297345, 39.9478681 ], [ 116.4297502, 39.9484527 ], [ 116.4295259, 39.9484999 ], [ 116.429328, 39.949181 ], [ 116.4295655, 39.9493428 ], [ 116.4291037, 39.9508326 ], [ 116.4293632, 39.9508427 ], [ 116.4294072, 39.9507315 ], [ 116.4326268, 39.9508259 ], [ 116.4328379, 39.9507584 ], [ 116.4328643, 39.9504921 ], [ 116.4330798, 39.9504583 ], [ 116.4330974, 39.9498986 ], [ 116.4329215, 39.9498784 ], [ 116.4330127, 39.9480798 ], [ 116.4335601, 39.9481037 ], [ 116.4335975, 39.947932 ], [ 116.4342319, 39.9480131 ], [ 116.4343377, 39.9478605 ], [ 116.4342563, 39.947481 ], [ 116.4341511, 39.9468495 ], [ 116.434656, 39.9473275 ], [ 116.4354506, 39.9470355 ], [ 116.4349316, 39.9469343 ], [ 116.4348664, 39.9463345 ], [ 116.4346611, 39.9463202 ], [ 116.4345803, 39.945457 ], [ 116.4342058, 39.9454675 ], [ 116.4342542, 39.9451539 ], [ 116.4339903, 39.9450493 ], [ 116.4332558, 39.9450831 ], [ 116.4333086, 39.9453461 ], [ 116.4330139, 39.9454169 ], [ 116.4331326, 39.9455484 ], [ 116.4329127, 39.9457136 ], [ 116.4323761, 39.9451404 ], [ 116.4339419, 39.9440613 ], [ 116.435367, 39.9436196 ], [ 116.4357849, 39.9436398 ], [ 116.4363699, 39.9442468 ], [ 116.4373023, 39.9447459 ], [ 116.4376586, 39.9448099 ], [ 116.4400557, 39.9447627 ], [ 116.4404868, 39.944675 ], [ 116.4410831, 39.9437036 ], [ 116.4402384, 39.9413504 ], [ 116.4398301, 39.9409654 ], [ 116.4387037, 39.9404113 ], [ 116.4383423, 39.9397888 ], [ 116.4383837, 39.9375532 ], [ 116.4382986, 39.9372668 ], [ 116.4379781, 39.9365451 ], [ 116.4377924, 39.9361278 ], [ 116.4376764, 39.9358269 ], [ 116.4376435, 39.9355373 ], [ 116.4376396, 39.935201 ], [ 116.4376384, 39.9350987 ], [ 116.4376244, 39.9342095 ], [ 116.4375987, 39.9325826 ], [ 116.4375947, 39.9325351 ], [ 116.4375896, 39.9324751 ], [ 116.4375785, 39.9323915 ], [ 116.4375645, 39.9322864 ], [ 116.4375612, 39.9307906 ], [ 116.4375612, 39.9295688 ], [ 116.4375616, 39.9272397 ], [ 116.4348741, 39.9272151 ], [ 116.4348794, 39.9273361 ], [ 116.4341775, 39.9273374 ], [ 116.4341641, 39.9282764 ], [ 116.4333231, 39.9282693 ], [ 116.4328343, 39.9281269 ], [ 116.4328382, 39.9280702 ], [ 116.4328382, 39.9271319 ], [ 116.4326969, 39.9270973 ], [ 116.4324852, 39.9270987 ], [ 116.4324915, 39.9272737 ], [ 116.4313919, 39.9272942 ], [ 116.4313599, 39.927548 ], [ 116.4310663, 39.9275766 ], [ 116.4310396, 39.927986 ], [ 116.430714, 39.9279819 ], [ 116.4308101, 39.9270404 ], [ 116.429988, 39.9270404 ], [ 116.4299667, 39.9269626 ], [ 116.4296998, 39.9269708 ], [ 116.4296925, 39.927235 ], [ 116.4292649, 39.9272277 ], [ 116.429262, 39.9273064 ], [ 116.4281082, 39.9272846 ], [ 116.4281508, 39.9263195 ], [ 116.4282688, 39.9237899 ], [ 116.428301, 39.9230481 ], [ 116.4285997, 39.9161721 ], [ 116.4286268, 39.9154757 ], [ 116.4286544, 39.9148754 ], [ 116.4287074, 39.9136765 ], [ 116.4287681, 39.9127996 ], [ 116.4289258, 39.9118375 ], [ 116.4290811, 39.9111404 ], [ 116.4291434, 39.9108834 ], [ 116.4292056, 39.9106264 ], [ 116.4292182, 39.9105676 ], [ 116.4292311, 39.9105086 ], [ 116.4293256, 39.9100939 ], [ 116.4293493, 39.9099922 ], [ 116.4293738, 39.9098705 ], [ 116.4293904, 39.9097723 ], [ 116.4294062, 39.9096725 ], [ 116.4294151, 39.9096197 ], [ 116.4294268, 39.9095503 ], [ 116.4294819, 39.9090395 ], [ 116.4294964, 39.9085468 ], [ 116.4295625, 39.9074012 ], [ 116.4295818, 39.9069365 ], [ 116.4295868, 39.9065985 ], [ 116.4296143, 39.9059078 ], [ 116.4296466, 39.9052612 ], [ 116.4296898, 39.9047444 ], [ 116.4297093, 39.9046178 ], [ 116.4297269, 39.90445 ], [ 116.4297782, 39.9041141 ], [ 116.4298464, 39.9037272 ], [ 116.4301562, 39.9019654 ], [ 116.4301944, 39.9017242 ], [ 116.4302034, 39.901574 ], [ 116.4301961, 39.9014238 ], [ 116.430131, 39.9005592 ], [ 116.4308663, 39.9004896 ], [ 116.4308843, 39.9008622 ], [ 116.4316852, 39.9012794 ], [ 116.432905, 39.9012923 ], [ 116.4342246, 39.9013062 ], [ 116.4368476, 39.9018253 ], [ 116.4403074, 39.901773 ], [ 116.4423189, 39.9018362 ], [ 116.4423541, 39.9018383 ] ] ] ] } },
{ "type": "Feature", "properties": { "adcode": "110102", "name": "西城区", "source": "DataV+GCJ02纠偏", "area_km2": 50.145, "note": "OSM 缺失该区边界(relation 568660 几何损坏); 街道dissolve交叉验证 IoU=0.920" }, "geometry": { "type": "MultiPolygon", "coordinates": [ [ [ [ 116.319685610241876, 39.895494082366447 ], [ 116.319707273882017, 39.889816304833232 ], [ 116.314658664413784, 39.880227218889907 ], [ 116.315223220499149, 39.873913490511143 ], [ 116.32052322589503, 39.875563454396556 ], [ 116.329140788968786, 39.873871055634233 ], [ 116.335420290738213, 39.874835003072199 ], [ 116.338133452909076, 39.872324004166224 ], [ 116.343307920406687, 39.872249402967469 ], [ 116.344414114856022, 39.867349643790959 ], [ 116.374369425663247, 39.869762159677649 ], [ 116.392859738882052, 39.870804767047261 ], [ 116.391372083865434, 39.897274144179661 ], [ 116.389846838122892, 39.898039882818317 ], [ 116.389323068019493, 39.906594789606622 ], [ 116.38602141492737, 39.906482856930154 ], [ 116.385935630061113, 39.921021297232741 ], [ 116.393230034263112, 39.922171253542174 ], [ 116.39044880826745, 39.926904329110684 ], [ 116.389924612906185, 39.938658129302176 ], [ 116.388022760935044, 39.939228196388783 ], [ 116.38710128273182, 39.955954114268728 ], [ 116.380541189550442, 39.95561820007682 ], [ 116.381417788872966, 39.959533274440496 ], [ 116.383840530078942, 39.967006995380906 ], [ 116.387915162492519, 39.967995124821627 ], [ 116.387851764479663, 39.971456026326585 ], [ 116.374669106451137, 39.971321450428057 ], [ 116.37416834345062, 39.966788185877796 ], [ 116.364166581689446, 39.966524929410518 ], [ 116.365756377530801, 39.947215470478064 ], [ 116.350018606688039, 39.942738319565883 ], [ 116.345843623182873, 39.9495074206718 ], [ 116.346241652989193, 39.94248498468334 ], [ 116.335287295996636, 39.940652353925088 ], [ 116.326753595666545, 39.942781602502599 ], [ 116.321829048193891, 39.941068091700359 ], [ 116.326920908169797, 39.937254501542014 ], [ 116.328508268170722, 39.921351101275562 ], [ 116.329220680472929, 39.897134782356119 ], [ 116.331161359661593, 39.896073108839538 ], [ 116.319685610241876, 39.895494082366447 ] ] ] ] } },
{ "type": "Feature", "properties": { "adcode": "110105", "name": "朝阳区", "source": "OSM(直接)", "area_km2": 464.942, "note": "" }, "geometry": { "type": "MultiPolygon", "coordinates": [ [ [ [ 116.4423189, 39.9018362 ], [ 116.4423541, 39.9018383 ], [ 116.4424112, 39.9015772 ], [ 116.4424651, 39.9014644 ], [ 116.4426171, 39.9011461 ], [ 116.4426589, 39.9009233 ], [ 116.4426735, 39.9007905 ], [ 116.4426981, 39.9004305 ], [ 116.442658, 39.8997543 ], [ 116.4422946, 39.8996996 ], [ 116.4419539, 39.8997291 ], [ 116.4416567, 39.8997356 ], [ 116.4407302, 39.8997011 ], [ 116.4396892, 39.8995932 ], [ 116.4397605, 39.8986684 ], [ 116.4406104, 39.8986232 ], [ 116.4407864, 39.8956183 ], [ 116.4409778, 39.8928622 ], [ 116.4413416, 39.8928158 ], [ 116.4414301, 39.8924583 ], [ 116.4417486, 39.8924402 ], [ 116.4417191, 39.8922998 ], [ 116.4440024, 39.8922616 ], [ 116.44401, 39.8906484 ], [ 116.4445704, 39.8905398 ], [ 116.4446766, 39.8901822 ], [ 116.4446294, 39.8887157 ], [ 116.4439569, 39.8887112 ], [ 116.4437655, 39.888864 ], [ 116.4437655, 39.8889636 ], [ 116.4431933, 39.8890994 ], [ 116.4421373, 39.889113 ], [ 116.4419721, 39.8893755 ], [ 116.4409964, 39.8894647 ], [ 116.4408277, 39.8895022 ], [ 116.4405445, 39.8896425 ], [ 116.4405327, 39.8897376 ], [ 116.4397594, 39.8897314 ], [ 116.4397889, 39.8886588 ], [ 116.4378577, 39.8885361 ], [ 116.4385898, 39.8831729 ], [ 116.4389761, 39.8803427 ], [ 116.4394031, 39.8783275 ], [ 116.4394237, 39.878008 ], [ 116.4394502, 39.8775988 ], [ 116.4394421, 39.8770993 ], [ 116.4392252, 39.8764827 ], [ 116.4386271, 39.8753648 ], [ 116.438159, 39.8745191 ], [ 116.4379476, 39.8739903 ], [ 116.4376558, 39.8725163 ], [ 116.4375942, 39.8722225 ], [ 116.4373934, 39.8711663 ], [ 116.4373174, 39.8708701 ], [ 116.438832, 39.8707233 ], [ 116.438688, 39.8691846 ], [ 116.4380049, 39.8686766 ], [ 116.4364925, 39.869037 ], [ 116.4364272, 39.8686854 ], [ 116.4367519, 39.8686242 ], [ 116.4366665, 39.8681171 ], [ 116.4368251, 39.8680416 ], [ 116.4368364, 39.8645535 ], [ 116.4387852, 39.8645596 ], [ 116.4388008, 39.8612475 ], [ 116.4425008, 39.8612607 ], [ 116.4426127, 39.8619425 ], [ 116.4439784, 39.8614118 ], [ 116.4455847, 39.8603943 ], [ 116.4465938, 39.8599209 ], [ 116.4467076, 39.8598675 ], [ 116.4470819, 39.8590295 ], [ 116.4502937, 39.8589554 ], [ 116.4503195, 39.8596757 ], [ 116.4536847, 39.8570333 ], [ 116.4549349, 39.856473 ], [ 116.4570883, 39.8548167 ], [ 116.4584699, 39.8547613 ], [ 116.458513, 39.8552327 ], [ 116.4608243, 39.8551583 ], [ 116.461754, 39.8544948 ], [ 116.4616195, 39.8511623 ], [ 116.4614694, 39.8511823 ], [ 116.4595506, 39.852012 ], [ 116.4592528, 39.8502764 ], [ 116.4582323, 39.8502051 ], [ 116.4581387, 39.8489658 ], [ 116.4572419, 39.8489958 ], [ 116.4572575, 39.8485647 ], [ 116.4569066, 39.8487982 ], [ 116.4567585, 39.849337 ], [ 116.456328, 39.8493341 ], [ 116.4551755, 39.849325 ], [ 116.4551755, 39.8480379 ], [ 116.4541384, 39.847984 ], [ 116.454035, 39.8472651 ], [ 116.4525131, 39.8473244 ], [ 116.4518846, 39.8477561 ], [ 116.4517853, 39.8491954 ], [ 116.4505723, 39.8492124 ], [ 116.4505392, 39.848298 ], [ 116.4499657, 39.848298 ], [ 116.4499216, 39.8491108 ], [ 116.4489622, 39.8491616 ], [ 116.4476389, 39.8500082 ], [ 116.4474955, 39.8503892 ], [ 116.4469993, 39.8505416 ], [ 116.4456098, 39.8505839 ], [ 116.4451025, 39.8501098 ], [ 116.4460729, 39.8499405 ], [ 116.4456318, 39.8480355 ], [ 116.443713, 39.8480609 ], [ 116.443702, 39.8476545 ], [ 116.4439415, 39.8476464 ], [ 116.4439446, 39.8469772 ], [ 116.4433491, 39.8469857 ], [ 116.4404929, 39.8467327 ], [ 116.4398495, 39.846711 ], [ 116.4400753, 39.8453591 ], [ 116.4401204, 39.8451077 ], [ 116.4405381, 39.8427071 ], [ 116.4380435, 39.8426854 ], [ 116.4379005, 39.8405924 ], [ 116.4368131, 39.8405794 ], [ 116.4368082, 39.8402436 ], [ 116.4366149, 39.8402452 ], [ 116.4366212, 39.8410907 ], [ 116.4360456, 39.8410907 ], [ 116.4360399, 39.8389023 ], [ 116.436356, 39.8388503 ], [ 116.436339, 39.8387159 ], [ 116.4365479, 39.8386813 ], [ 116.4364181, 39.8381656 ], [ 116.4363108, 39.8381742 ], [ 116.4363052, 39.8380355 ], [ 116.4359665, 39.8381569 ], [ 116.4359891, 39.8382436 ], [ 116.4357126, 39.8382869 ], [ 116.4355941, 39.8385773 ], [ 116.4353231, 39.8385512 ], [ 116.4352893, 39.8386379 ], [ 116.4348491, 39.8386293 ], [ 116.434629, 39.8382392 ], [ 116.4328963, 39.8382826 ], [ 116.4328794, 39.8376865 ], [ 116.4323107, 39.8377051 ], [ 116.4323187, 39.8387102 ], [ 116.4322331, 39.8389779 ], [ 116.4317646, 39.8390429 ], [ 116.4311269, 39.8393029 ], [ 116.4312172, 39.8396279 ], [ 116.4308178, 39.8397926 ], [ 116.4303029, 39.840005 ], [ 116.4301505, 39.8400093 ], [ 116.4298288, 39.8395153 ], [ 116.4299981, 39.8393419 ], [ 116.4296538, 39.8389086 ], [ 116.4306302, 39.8383539 ], [ 116.4303153, 39.8379748 ], [ 116.4306076, 39.8378728 ], [ 116.4300489, 39.8372748 ], [ 116.4296143, 39.8374784 ], [ 116.4289277, 39.8366618 ], [ 116.4283029, 39.8369798 ], [ 116.4274489, 39.835803 ], [ 116.4272174, 39.8343321 ], [ 116.4271216, 39.8342953 ], [ 116.426962, 39.8338234 ], [ 116.4266507, 39.8338724 ], [ 116.4264699, 39.833243 ], [ 116.4257646, 39.8334022 ], [ 116.4254854, 39.8316352 ], [ 116.4241126, 39.8314697 ], [ 116.423905, 39.8312613 ], [ 116.4188762, 39.8312777 ], [ 116.4188948, 39.8305061 ], [ 116.4237937, 39.8305511 ], [ 116.4238359, 39.8287569 ], [ 116.430341, 39.8290143 ], [ 116.430304, 39.8279371 ], [ 116.4302166, 39.8272741 ], [ 116.4301838, 39.82646 ], [ 116.4341668, 39.8265008 ], [ 116.4342627, 39.8280392 ], [ 116.4342652, 39.8280785 ], [ 116.4347132, 39.828389 ], [ 116.436112, 39.8269875 ], [ 116.4369862, 39.8265511 ], [ 116.4369581, 39.8260012 ], [ 116.4369315, 39.8253258 ], [ 116.4367458, 39.8253091 ], [ 116.4367458, 39.8247887 ], [ 116.4371392, 39.8248139 ], [ 116.4372812, 39.8241677 ], [ 116.4375435, 39.8238823 ], [ 116.437915, 39.8239579 ], [ 116.4380243, 39.8234543 ], [ 116.4376965, 39.8234207 ], [ 116.4377183, 39.822892 ], [ 116.436715, 39.8226432 ], [ 116.4382619, 39.8193359 ], [ 116.4465146, 39.8212691 ], [ 116.4467115, 39.8205411 ], [ 116.4474187, 39.8206083 ], [ 116.4474479, 39.8210675 ], [ 116.4476666, 39.8215043 ], [ 116.4480749, 39.8205747 ], [ 116.4491686, 39.8197347 ], [ 116.4505321, 39.8193875 ], [ 116.454869, 39.8162275 ], [ 116.4565498, 39.814786 ], [ 116.4571891, 39.8131624 ], [ 116.4621798, 39.813194 ], [ 116.4621798, 39.8136653 ], [ 116.4626077, 39.8136851 ], [ 116.4627211, 39.8135425 ], [ 116.4627057, 39.8133485 ], [ 116.4628861, 39.8132812 ], [ 116.4655464, 39.8107545 ], [ 116.4675419, 39.8089821 ], [ 116.4682814, 39.809375 ], [ 116.4701225, 39.8098591 ], [ 116.4711605, 39.8095459 ], [ 116.4715863, 39.8092965 ], [ 116.4791938, 39.8115327 ], [ 116.4794309, 39.8156671 ], [ 116.4836931, 39.8151716 ], [ 116.483724, 39.8156583 ], [ 116.4830946, 39.8157747 ], [ 116.4835086, 39.8175844 ], [ 116.4836545, 39.8175851 ], [ 116.4836839, 39.8176874 ], [ 116.4865074, 39.8172662 ], [ 116.4873207, 39.8171385 ], [ 116.4874784, 39.8185884 ], [ 116.4879626, 39.8185731 ], [ 116.4879551, 39.8178333 ], [ 116.4880664, 39.8177522 ], [ 116.4892162, 39.817701 ], [ 116.4890561, 39.8162222 ], [ 116.4889736, 39.8148599 ], [ 116.4918527, 39.8159167 ], [ 116.4920352, 39.8152359 ], [ 116.4922138, 39.8145699 ], [ 116.4976008, 39.8152982 ], [ 116.4976375, 39.8159672 ], [ 116.5003854, 39.81641 ], [ 116.4997376, 39.8173339 ], [ 116.4980389, 39.8174026 ], [ 116.4968427, 39.8174744 ], [ 116.4968776, 39.8177612 ], [ 116.50427, 39.8204745 ], [ 116.5040148, 39.8208777 ], [ 116.5039433, 39.8221294 ], [ 116.5051965, 39.8221354 ], [ 116.5053897, 39.8222668 ], [ 116.5054461, 39.8229344 ], [ 116.5058904, 39.8246569 ], [ 116.5059984, 39.8246526 ], [ 116.5060433, 39.8252099 ], [ 116.5062752, 39.8251467 ], [ 116.5062303, 39.8249686 ], [ 116.5072776, 39.8243826 ], [ 116.5077417, 39.8242181 ], [ 116.5087891, 39.8283861 ], [ 116.5088737, 39.8292066 ], [ 116.509117, 39.829296 ], [ 116.5106616, 39.829296 ], [ 116.5105452, 39.8285567 ], [ 116.5201583, 39.8286335 ], [ 116.5205602, 39.8258432 ], [ 116.5258682, 39.8257816 ], [ 116.5257661, 39.8240121 ], [ 116.5266556, 39.8231273 ], [ 116.5270639, 39.8224105 ], [ 116.5273118, 39.8224609 ], [ 116.5275597, 39.8229593 ], [ 116.5283107, 39.8232897 ], [ 116.5288065, 39.8233457 ], [ 116.5289013, 39.8234969 ], [ 116.5289451, 39.8236313 ], [ 116.5291475, 39.824011 ], [ 116.5294189, 39.8257814 ], [ 116.5319281, 39.8255061 ], [ 116.5323665, 39.8271229 ], [ 116.5263285, 39.8300953 ], [ 116.5273348, 39.8319382 ], [ 116.5341469, 39.8296198 ], [ 116.5351852, 39.8284033 ], [ 116.5369818, 39.8289385 ], [ 116.537069, 39.8299642 ], [ 116.5373367, 39.8304363 ], [ 116.5378266, 39.8337651 ], [ 116.5394989, 39.8326031 ], [ 116.539598, 39.8326869 ], [ 116.5394939, 39.832862 ], [ 116.5395732, 39.8329457 ], [ 116.5394989, 39.8331589 ], [ 116.5394952, 39.834928 ], [ 116.5424468, 39.8331406 ], [ 116.5462187, 39.8332913 ], [ 116.5460574, 39.8334905 ], [ 116.5476882, 39.8335911 ], [ 116.5513788, 39.8338189 ], [ 116.5513998, 39.8335928 ], [ 116.5514769, 39.8335928 ], [ 116.551511, 39.8325915 ], [ 116.5515915, 39.8326078 ], [ 116.5552391, 39.8333453 ], [ 116.5553085, 39.8324545 ], [ 116.555596, 39.8322565 ], [ 116.5557844, 39.8312515 ], [ 116.5559629, 39.8311068 ], [ 116.5567957, 39.8310459 ], [ 116.5569643, 39.8312972 ], [ 116.5568552, 39.8324316 ], [ 116.5637263, 39.8323631 ], [ 116.5636897, 39.83371 ], [ 116.5636866, 39.833825 ], [ 116.5666413, 39.8339087 ], [ 116.5668792, 39.8310078 ], [ 116.571341, 39.8296221 ], [ 116.5714401, 39.8295231 ], [ 116.571574, 39.8265535 ], [ 116.571688, 39.8264316 ], [ 116.5811018, 39.8270701 ], [ 116.5777385, 39.8237772 ], [ 116.5778349, 39.8237273 ], [ 116.5820588, 39.8234024 ], [ 116.5831455, 39.8231601 ], [ 116.5858377, 39.8227508 ], [ 116.5854323, 39.8251525 ], [ 116.5881143, 39.8251868 ], [ 116.5882531, 39.8246956 ], [ 116.5920703, 39.8250078 ], [ 116.5924173, 39.8235724 ], [ 116.5935129, 39.8244976 ], [ 116.593508, 39.8251715 ], [ 116.5930916, 39.8266069 ], [ 116.5933097, 39.8269229 ], [ 116.5932749, 39.8305368 ], [ 116.5965264, 39.8305351 ], [ 116.596274, 39.8312408 ], [ 116.5962249, 39.8318222 ], [ 116.5960987, 39.8323499 ], [ 116.5958603, 39.8326783 ], [ 116.5956506, 39.8327743 ], [ 116.5960405, 39.8401435 ], [ 116.6026182, 39.8454264 ], [ 116.6011389, 39.8454533 ], [ 116.5989234, 39.8450388 ], [ 116.5988954, 39.8457601 ], [ 116.5985939, 39.8474664 ], [ 116.5982995, 39.8486668 ], [ 116.5987201, 39.8486883 ], [ 116.5986991, 39.8490382 ], [ 116.6047598, 39.8489297 ], [ 116.6047846, 39.849356 ], [ 116.6074862, 39.8492759 ], [ 116.6173286, 39.8567663 ], [ 116.6213851, 39.8598532 ], [ 116.6202298, 39.8600976 ], [ 116.6206574, 39.8608403 ], [ 116.6180213, 39.8624763 ], [ 116.617776, 39.8632136 ], [ 116.6177479, 39.8638916 ], [ 116.6175446, 39.8646235 ], [ 116.6172566, 39.8665346 ], [ 116.6146688, 39.8663862 ], [ 116.6140045, 39.8677332 ], [ 116.6145003, 39.8679995 ], [ 116.6148176, 39.868498 ], [ 116.6148473, 39.8688785 ], [ 116.6153778, 39.8697802 ], [ 116.6164407, 39.8707053 ], [ 116.6172913, 39.8718006 ], [ 116.6186647, 39.8745218 ], [ 116.6192037, 39.8759931 ], [ 116.6191574, 39.8771424 ], [ 116.6188121, 39.8796036 ], [ 116.6189657, 39.8796758 ], [ 116.6189719, 39.8801055 ], [ 116.6234733, 39.8804935 ], [ 116.6232552, 39.8812467 ], [ 116.622268, 39.8892831 ], [ 116.6171375, 39.8889517 ], [ 116.6171711, 39.8887639 ], [ 116.6155105, 39.8887049 ], [ 116.6151793, 39.8886166 ], [ 116.6146466, 39.8886571 ], [ 116.6145139, 39.8887914 ], [ 116.6099351, 39.8884997 ], [ 116.6095848, 39.8943215 ], [ 116.6091624, 39.8943546 ], [ 116.6103862, 39.8958864 ], [ 116.6122484, 39.8959858 ], [ 116.6128387, 39.8961478 ], [ 116.6141773, 39.8968174 ], [ 116.6137604, 39.8972171 ], [ 116.6129031, 39.8973298 ], [ 116.6120788, 39.8976096 ], [ 116.6117188, 39.8978495 ], [ 116.612022, 39.8985654 ], [ 116.6134668, 39.8984055 ], [ 116.6163089, 39.90124 ], [ 116.6162426, 39.9014181 ], [ 116.6167163, 39.9019087 ], [ 116.6168489, 39.9018578 ], [ 116.6180663, 39.9031805 ], [ 116.6159015, 39.9030134 ], [ 116.6159252, 39.9036602 ], [ 116.6150252, 39.9037038 ], [ 116.6149731, 39.9045359 ], [ 116.6150678, 39.9054989 ], [ 116.6169768, 39.9054589 ], [ 116.61703, 39.9065458 ], [ 116.617026, 39.9068292 ], [ 116.615775, 39.9066691 ], [ 116.6145041, 39.9065163 ], [ 116.6143762, 39.907214 ], [ 116.6163468, 39.9087474 ], [ 116.6152005, 39.9119339 ], [ 116.6152621, 39.911963 ], [ 116.6152573, 39.9120502 ], [ 116.616001, 39.9122246 ], [ 116.6159826, 39.9126134 ], [ 116.6172822, 39.9127264 ], [ 116.6166886, 39.9171518 ], [ 116.6142917, 39.9169992 ], [ 116.6141697, 39.917935 ], [ 116.6141496, 39.9180891 ], [ 116.6151633, 39.9181545 ], [ 116.6152107, 39.9182708 ], [ 116.6161202, 39.9183362 ], [ 116.6146824, 39.9211004 ], [ 116.615359, 39.9212648 ], [ 116.6151647, 39.9219327 ], [ 116.6192258, 39.921392 ], [ 116.6246651, 39.9206678 ], [ 116.6241374, 39.9216441 ], [ 116.6234007, 39.9230072 ], [ 116.6214141, 39.9253036 ], [ 116.6180594, 39.9291811 ], [ 116.6206139, 39.9294185 ], [ 116.6187561, 39.930487 ], [ 116.6199068, 39.931329 ], [ 116.6236796, 39.9301699 ], [ 116.6246087, 39.9349167 ], [ 116.6246687, 39.935223 ], [ 116.6245768, 39.9356375 ], [ 116.6245371, 39.9358165 ], [ 116.6240524, 39.9380018 ], [ 116.6241328, 39.9380737 ], [ 116.6279249, 39.9373433 ], [ 116.6282661, 39.9372776 ], [ 116.6283733, 39.9373392 ], [ 116.628313, 39.937935 ], [ 116.6282383, 39.9381009 ], [ 116.6273145, 39.9401513 ], [ 116.6270402, 39.94076 ], [ 116.6249903, 39.9435746 ], [ 116.6242936, 39.9456084 ], [ 116.6253922, 39.9457112 ], [ 116.6253386, 39.9468513 ], [ 116.6259416, 39.9482893 ], [ 116.6262899, 39.9494294 ], [ 116.6319171, 39.9483098 ], [ 116.6331765, 39.9479093 ], [ 116.6385224, 39.9451668 ], [ 116.6389243, 39.9451154 ], [ 116.6391253, 39.9451154 ], [ 116.6392727, 39.9453414 ], [ 116.6386029, 39.9472164 ], [ 116.6369505, 39.9518413 ], [ 116.6369927, 39.9588864 ], [ 116.6361969, 39.9668158 ], [ 116.634359, 39.9741635 ], [ 116.6342642, 39.9761237 ], [ 116.6349653, 39.9793846 ], [ 116.6335518, 39.9795592 ], [ 116.6341078, 39.9814944 ], [ 116.6284069, 39.9805345 ], [ 116.6279313, 39.9819307 ], [ 116.6277035, 39.9821258 ], [ 116.627449, 39.9821514 ], [ 116.6271743, 39.9825826 ], [ 116.62812, 39.9826792 ], [ 116.6277182, 39.9832743 ], [ 116.627343, 39.9847731 ], [ 116.6316304, 39.9855636 ], [ 116.631684, 39.986313 ], [ 116.6335976, 39.9858032 ], [ 116.6346159, 39.9890265 ], [ 116.6380726, 39.9884928 ], [ 116.6378314, 39.9924961 ], [ 116.6369739, 39.9957807 ], [ 116.6332761, 39.9996604 ], [ 116.6300605, 40.0027189 ], [ 116.6276757, 40.0012821 ], [ 116.6251836, 40.0002763 ], [ 116.6195296, 40.0029652 ], [ 116.6221824, 40.0066188 ], [ 116.6171586, 40.0089128 ], [ 116.6126594, 40.0106362 ], [ 116.5992846, 40.0116591 ], [ 116.5971265, 40.0121099 ], [ 116.5958055, 40.0126007 ], [ 116.5929018, 40.0142737 ], [ 116.5891667, 40.0164902 ], [ 116.5765723, 40.0237421 ], [ 116.5757701, 40.024204 ], [ 116.5711994, 40.0268326 ], [ 116.5722327, 40.0279243 ], [ 116.5726512, 40.0276739 ], [ 116.5725989, 40.0318402 ], [ 116.5680808, 40.0317717 ], [ 116.5682909, 40.0314242 ], [ 116.569945, 40.0304522 ], [ 116.5723737, 40.0288376 ], [ 116.572394, 40.0281393 ], [ 116.5723129, 40.0279893 ], [ 116.5677463, 40.0306791 ], [ 116.5669423, 40.031763 ], [ 116.5649495, 40.0311032 ], [ 116.5623512, 40.0350596 ], [ 116.5616256, 40.0361645 ], [ 116.5565266, 40.0396744 ], [ 116.5501386, 40.0423981 ], [ 116.5457531, 40.0439145 ], [ 116.5422756, 40.0460061 ], [ 116.5407521, 40.047607 ], [ 116.5398521, 40.0488689 ], [ 116.5427641, 40.0497571 ], [ 116.544352, 40.0502414 ], [ 116.5445228, 40.0502935 ], [ 116.5447501, 40.0503628 ], [ 116.5442385, 40.0513419 ], [ 116.5461513, 40.0525984 ], [ 116.5445269, 40.0551929 ], [ 116.5455384, 40.0553416 ], [ 116.5459136, 40.0569927 ], [ 116.5451566, 40.0580387 ], [ 116.5429258, 40.0577515 ], [ 116.5426243, 40.0578233 ], [ 116.5415241, 40.058699 ], [ 116.5421136, 40.06055 ], [ 116.5423978, 40.0605246 ], [ 116.542412, 40.0606334 ], [ 116.5421515, 40.0606769 ], [ 116.5422509, 40.0610902 ], [ 116.5410881, 40.0613049 ], [ 116.5400829, 40.0606672 ], [ 116.5400235, 40.0604782 ], [ 116.5394916, 40.0593193 ], [ 116.5377624, 40.0579739 ], [ 116.5334824, 40.0608256 ], [ 116.5277022, 40.0664429 ], [ 116.5231189, 40.0693703 ], [ 116.5205157, 40.0701948 ], [ 116.5162768, 40.0704175 ], [ 116.5111364, 40.0697352 ], [ 116.5075736, 40.069454 ], [ 116.5061499, 40.0696586 ], [ 116.4946075, 40.0783494 ], [ 116.4919599, 40.078997 ], [ 116.4807057, 40.0798467 ], [ 116.4793778, 40.0810309 ], [ 116.47869, 40.0812502 ], [ 116.4782505, 40.0812355 ], [ 116.477897, 40.0808847 ], [ 116.4777059, 40.0808408 ], [ 116.4774862, 40.0808481 ], [ 116.477362, 40.0809066 ], [ 116.4772665, 40.0812209 ], [ 116.4776391, 40.0817838 ], [ 116.4776964, 40.0819957 ], [ 116.4774671, 40.0824416 ], [ 116.4771518, 40.0827267 ], [ 116.4718302, 40.0840297 ], [ 116.4674512, 40.0839878 ], [ 116.4666224, 40.0847366 ], [ 116.4654848, 40.0863712 ], [ 116.4651426, 40.0870434 ], [ 116.4644582, 40.0881684 ], [ 116.4642455, 40.0882958 ], [ 116.4636536, 40.0885222 ], [ 116.462353, 40.088735 ], [ 116.460756, 40.088838 ], [ 116.460959, 40.087805 ], [ 116.460954, 40.087324 ], [ 116.461085, 40.086472 ], [ 116.461455, 40.085413 ], [ 116.46153, 40.084624 ], [ 116.461349, 40.08429 ], [ 116.460986, 40.084031 ], [ 116.460046, 40.083801 ], [ 116.459687, 40.083584 ], [ 116.459592, 40.0834 ], [ 116.459592, 40.082758 ], [ 116.459876, 40.08209 ], [ 116.460273, 40.080671 ], [ 116.458697, 40.080459 ], [ 116.457994, 40.080284 ], [ 116.45671, 40.079799 ], [ 116.455831, 40.079277 ], [ 116.456296, 40.078745 ], [ 116.45636, 40.078551 ], [ 116.456252, 40.078271 ], [ 116.455765, 40.077712 ], [ 116.455605, 40.076933 ], [ 116.456041, 40.075972 ], [ 116.456411, 40.075468 ], [ 116.456408, 40.075354 ], [ 116.456042, 40.07508 ], [ 116.455398, 40.074891 ], [ 116.452487, 40.074359 ], [ 116.452394, 40.069411 ], [ 116.452408, 40.069022 ], [ 116.452477, 40.068983 ], [ 116.453433, 40.068921 ], [ 116.453884, 40.068746 ], [ 116.454002, 40.068151 ], [ 116.454282, 40.067681 ], [ 116.454473, 40.066455 ], [ 116.455342, 40.066547 ], [ 116.455567, 40.066436 ], [ 116.455938, 40.066075 ], [ 116.455933, 40.065934 ], [ 116.455621, 40.065702 ], [ 116.45543, 40.065352 ], [ 116.455673, 40.064688 ], [ 116.455399, 40.064071 ], [ 116.455048, 40.063619 ], [ 116.454111, 40.062978 ], [ 116.453861, 40.062608 ], [ 116.454021, 40.062384 ], [ 116.455484, 40.062317 ], [ 116.45557, 40.062007 ], [ 116.455739, 40.061921 ], [ 116.455735, 40.061815 ], [ 116.455277, 40.061549 ], [ 116.454653, 40.061484 ], [ 116.454516, 40.061395 ], [ 116.454367, 40.061013 ], [ 116.45433, 40.059661 ], [ 116.453882, 40.059033 ], [ 116.453838, 40.058613 ], [ 116.453756, 40.058515 ], [ 116.452775, 40.058507 ], [ 116.451411, 40.058798 ], [ 116.451315, 40.058898 ], [ 116.451319, 40.059023 ], [ 116.4516, 40.059906 ], [ 116.451353, 40.060016 ], [ 116.451004, 40.060019 ], [ 116.450614, 40.059827 ], [ 116.45024, 40.059786 ], [ 116.449943, 40.059856 ], [ 116.449825, 40.060118 ], [ 116.449455, 40.059793 ], [ 116.449258, 40.059784 ], [ 116.448169, 40.06007 ], [ 116.447956, 40.060521 ], [ 116.446967, 40.060206 ], [ 116.445229, 40.059859 ], [ 116.445408, 40.057362 ], [ 116.443282, 40.057368 ], [ 116.44098, 40.057981 ], [ 116.439769, 40.058466 ], [ 116.438617, 40.059113 ], [ 116.438181, 40.059438 ], [ 116.436668, 40.059453 ], [ 116.436666, 40.059753 ], [ 116.436428, 40.059748 ], [ 116.4319965, 40.0598649 ], [ 116.4319771, 40.0606125 ], [ 116.4287989, 40.0605709 ], [ 116.4228487, 40.0605668 ], [ 116.4213252, 40.0610431 ], [ 116.4205098, 40.0617821 ], [ 116.4201665, 40.0628989 ], [ 116.4203167, 40.0635557 ], [ 116.4187503, 40.0648367 ], [ 116.4175486, 40.064459 ], [ 116.4185357, 40.0631452 ], [ 116.4184069, 40.0623898 ], [ 116.4172268, 40.0617657 ], [ 116.4203041, 40.058806 ], [ 116.4173621, 40.0579479 ], [ 116.4160952, 40.0573039 ], [ 116.4148863, 40.0569634 ], [ 116.4105756, 40.0552497 ], [ 116.4097076, 40.0549841 ], [ 116.4093171, 40.0543461 ], [ 116.4064792, 40.0544724 ], [ 116.4033308, 40.054161 ], [ 116.4035692, 40.0522099 ], [ 116.4016852, 40.0512678 ], [ 116.4021155, 40.0486781 ], [ 116.4021966, 40.0481602 ], [ 116.4009279, 40.0481852 ], [ 116.4007875, 40.0483071 ], [ 116.399955, 40.048278 ], [ 116.4001565, 40.0462195 ], [ 116.4003342, 40.0433861 ], [ 116.4003912, 40.043161 ], [ 116.4015583, 40.0430502 ], [ 116.4015539, 40.0422508 ], [ 116.4023541, 40.0418696 ], [ 116.4015173, 40.0405693 ], [ 116.4008733, 40.0395685 ], [ 116.3999922, 40.0386279 ], [ 116.3982713, 40.0375071 ], [ 116.3976654, 40.0371125 ], [ 116.3934771, 40.0361481 ], [ 116.3928815, 40.0363144 ], [ 116.3927512, 40.0361053 ], [ 116.389109, 40.0352977 ], [ 116.3880103, 40.0366835 ], [ 116.3879489, 40.0383563 ], [ 116.3867186, 40.0402706 ], [ 116.3845469, 40.0398383 ], [ 116.3847146, 40.0377819 ], [ 116.3841133, 40.0359025 ], [ 116.3841073, 40.0353414 ], [ 116.3857627, 40.0339452 ], [ 116.3870362, 40.0334714 ], [ 116.3876729, 40.0327034 ], [ 116.3882796, 40.0321836 ], [ 116.3888261, 40.0313378 ], [ 116.3874071, 40.0309104 ], [ 116.3853485, 40.0305452 ], [ 116.376358, 40.0299308 ], [ 116.3729987, 40.0297861 ], [ 116.3729905, 40.0299908 ], [ 116.372795, 40.0299706 ], [ 116.3727717, 40.0297746 ], [ 116.3698761, 40.029293 ], [ 116.3608178, 40.0275 ], [ 116.3576946, 40.02683 ], [ 116.3525035, 40.0264642 ], [ 116.3447169, 40.0253424 ], [ 116.351358, 40.0165741 ], [ 116.3688252, 39.9935066 ], [ 116.3694134, 39.9926808 ], [ 116.370828, 39.9906946 ], [ 116.372044, 39.9868815 ], [ 116.372231, 39.9862197 ], [ 116.3750141, 39.976371 ], [ 116.3751892, 39.9757486 ], [ 116.3751375, 39.9747493 ], [ 116.3750248, 39.9738182 ], [ 116.3750142, 39.9737307 ], [ 116.3747328, 39.9712349 ], [ 116.3752491, 39.9712044 ], [ 116.3785241, 39.9712469 ], [ 116.3788998, 39.9712518 ], [ 116.3819707, 39.9715025 ], [ 116.3879056, 39.9716171 ], [ 116.3880485, 39.9689761 ], [ 116.3880444, 39.967967 ], [ 116.3877525, 39.9678038 ], [ 116.3866425, 39.9676863 ], [ 116.385735, 39.9673304 ], [ 116.3852707, 39.9672617 ], [ 116.385276, 39.9667643 ], [ 116.3850365, 39.9667572 ], [ 116.3847625, 39.9667491 ], [ 116.3838193, 39.9667212 ], [ 116.3838931, 39.9649083 ], [ 116.3834756, 39.9648415 ], [ 116.3832293, 39.9647929 ], [ 116.3823296, 39.964578 ], [ 116.3819439, 39.964495 ], [ 116.3818915, 39.9644853 ], [ 116.3818325, 39.9643633 ], [ 116.3818445, 39.9635735 ], [ 116.3822502, 39.9635796 ], [ 116.3822295, 39.9628024 ], [ 116.3829619, 39.9627999 ], [ 116.3829669, 39.9624865 ], [ 116.3829976, 39.9621537 ], [ 116.3836637, 39.9621701 ], [ 116.3836544, 39.961696 ], [ 116.3833205, 39.9616896 ], [ 116.382679, 39.9616719 ], [ 116.3823867, 39.9616639 ], [ 116.3818943, 39.9616503 ], [ 116.3818177, 39.9616482 ], [ 116.3815418, 39.9605876 ], [ 116.3813259, 39.9596932 ], [ 116.3833201, 39.9597442 ], [ 116.3832697, 39.9615316 ], [ 116.3912265, 39.9617591 ], [ 116.3916863, 39.9612987 ], [ 116.3927362, 39.9613026 ], [ 116.3928443, 39.9610951 ], [ 116.394486, 39.9607515 ], [ 116.3948976, 39.9607296 ], [ 116.3954015, 39.9608522 ], [ 116.3967111, 39.9608267 ], [ 116.3968638, 39.9608236 ], [ 116.3974834, 39.9604916 ], [ 116.3981997, 39.9605635 ], [ 116.3990044, 39.9603768 ], [ 116.3991152, 39.9603529 ], [ 116.3992214, 39.9603502 ], [ 116.3992323, 39.9607491 ], [ 116.3993748, 39.9607416 ], [ 116.4001223, 39.9607188 ], [ 116.4014106, 39.9606834 ], [ 116.4014925, 39.9606812 ], [ 116.4015861, 39.9606731 ], [ 116.4014948, 39.9650807 ], [ 116.4014387, 39.9654746 ], [ 116.4012946, 39.9660447 ], [ 116.4012554, 39.9662918 ], [ 116.4011423, 39.9688234 ], [ 116.4013569, 39.9699156 ], [ 116.4012823, 39.9725781 ], [ 116.4029916, 39.9726465 ], [ 116.4030121, 39.9725643 ], [ 116.403104, 39.97249 ], [ 116.4030529, 39.9718675 ], [ 116.4031692, 39.9709859 ], [ 116.402991, 39.9709491 ], [ 116.4025421, 39.9709163 ], [ 116.4025779, 39.9703095 ], [ 116.4027618, 39.9703056 ], [ 116.402772, 39.9699963 ], [ 116.4026443, 39.9699767 ], [ 116.4026443, 39.969918 ], [ 116.4050042, 39.9698749 ], [ 116.4050265, 39.9674647 ], [ 116.4050183, 39.9652735 ], [ 116.4050121, 39.9636166 ], [ 116.405655, 39.9635889 ], [ 116.405661, 39.963147 ], [ 116.4057479, 39.9631352 ], [ 116.4057427, 39.9624031 ], [ 116.4077816, 39.9624705 ], [ 116.407837, 39.9605743 ], [ 116.4188448, 39.9607841 ], [ 116.4189252, 39.957992 ], [ 116.4242347, 39.9581366 ], [ 116.4243028, 39.9580681 ], [ 116.4243466, 39.9563275 ], [ 116.4246116, 39.9563322 ], [ 116.4246116, 39.9561752 ], [ 116.4242382, 39.9561567 ], [ 116.4243165, 39.9552705 ], [ 116.4237866, 39.9552566 ], [ 116.4237685, 39.9557782 ], [ 116.4236059, 39.9557598 ], [ 116.4235879, 39.9556582 ], [ 116.4227569, 39.9556121 ], [ 116.4229385, 39.9542815 ], [ 116.4226745, 39.9542619 ], [ 116.4227171, 39.95278 ], [ 116.4231089, 39.9527213 ], [ 116.4231198, 39.9520452 ], [ 116.4231858, 39.9519744 ], [ 116.4235025, 39.9519744 ], [ 116.4234805, 39.9518058 ], [ 116.4237796, 39.9517957 ], [ 116.4237708, 39.9514618 ], [ 116.4238544, 39.9514618 ], [ 116.423806, 39.9511786 ], [ 116.4239511, 39.9511584 ], [ 116.4239643, 39.9509662 ], [ 116.4245229, 39.9509561 ], [ 116.4245273, 39.950865 ], [ 116.424822, 39.9508718 ], [ 116.4248396, 39.9506122 ], [ 116.4245669, 39.9506155 ], [ 116.4245801, 39.9504739 ], [ 116.4240039, 39.9504672 ], [ 116.4240391, 39.949695 ], [ 116.4237224, 39.949695 ], [ 116.423696, 39.9504166 ], [ 116.4229131, 39.9503829 ], [ 116.4229043, 39.9497928 ], [ 116.4232606, 39.9496276 ], [ 116.4238808, 39.949604 ], [ 116.4239346, 39.948801 ], [ 116.4258211, 39.94881 ], [ 116.4270965, 39.948768 ], [ 116.4273721, 39.9487059 ], [ 116.4276335, 39.948595 ], [ 116.4277219, 39.948512 ], [ 116.4278631, 39.9482954 ], [ 116.4278855, 39.9480619 ], [ 116.4279048, 39.9478614 ], [ 116.4297345, 39.9478681 ], [ 116.4297502, 39.9484527 ], [ 116.4295259, 39.9484999 ], [ 116.429328, 39.949181 ], [ 116.4295655, 39.9493428 ], [ 116.4291037, 39.9508326 ], [ 116.4293632, 39.9508427 ], [ 116.4294072, 39.9507315 ], [ 116.4326268, 39.9508259 ], [ 116.4328379, 39.9507584 ], [ 116.4328643, 39.9504921 ], [ 116.4330798, 39.9504583 ], [ 116.4330974, 39.9498986 ], [ 116.4329215, 39.9498784 ], [ 116.4330127, 39.9480798 ], [ 116.4335601, 39.9481037 ], [ 116.4335975, 39.947932 ], [ 116.4342319, 39.9480131 ], [ 116.4343377, 39.9478605 ], [ 116.4342563, 39.947481 ], [ 116.4341511, 39.9468495 ], [ 116.434656, 39.9473275 ], [ 116.4354506, 39.9470355 ], [ 116.4349316, 39.9469343 ], [ 116.4348664, 39.9463345 ], [ 116.4346611, 39.9463202 ], [ 116.4345803, 39.945457 ], [ 116.4342058, 39.9454675 ], [ 116.4342542, 39.9451539 ], [ 116.4339903, 39.9450493 ], [ 116.4332558, 39.9450831 ], [ 116.4333086, 39.9453461 ], [ 116.4330139, 39.9454169 ], [ 116.4331326, 39.9455484 ], [ 116.4329127, 39.9457136 ], [ 116.4323761, 39.9451404 ], [ 116.4339419, 39.9440613 ], [ 116.435367, 39.9436196 ], [ 116.4357849, 39.9436398 ], [ 116.4363699, 39.9442468 ], [ 116.4373023, 39.9447459 ], [ 116.4376586, 39.9448099 ], [ 116.4400557, 39.9447627 ], [ 116.4404868, 39.944675 ], [ 116.4410831, 39.9437036 ], [ 116.4402384, 39.9413504 ], [ 116.4398301, 39.9409654 ], [ 116.4387037, 39.9404113 ], [ 116.4383423, 39.9397888 ], [ 116.4383837, 39.9375532 ], [ 116.4382986, 39.9372668 ], [ 116.4379781, 39.9365451 ], [ 116.4377924, 39.9361278 ], [ 116.4376764, 39.9358269 ], [ 116.4376435, 39.9355373 ], [ 116.4376396, 39.935201 ], [ 116.4376384, 39.9350987 ], [ 116.4376244, 39.9342095 ], [ 116.4375987, 39.9325826 ], [ 116.4375947, 39.9325351 ], [ 116.4375896, 39.9324751 ], [ 116.4375785, 39.9323915 ], [ 116.4375645, 39.9322864 ], [ 116.4375612, 39.9307906 ], [ 116.4375612, 39.9295688 ], [ 116.4375616, 39.9272397 ], [ 116.4348741, 39.9272151 ], [ 116.4348794, 39.9273361 ], [ 116.4341775, 39.9273374 ], [ 116.4341641, 39.9282764 ], [ 116.4333231, 39.9282693 ], [ 116.4328343, 39.9281269 ], [ 116.4328382, 39.9280702 ], [ 116.4328382, 39.9271319 ], [ 116.4326969, 39.9270973 ], [ 116.4324852, 39.9270987 ], [ 116.4324915, 39.9272737 ], [ 116.4313919, 39.9272942 ], [ 116.4313599, 39.927548 ], [ 116.4310663, 39.9275766 ], [ 116.4310396, 39.927986 ], [ 116.430714, 39.9279819 ], [ 116.4308101, 39.9270404 ], [ 116.429988, 39.9270404 ], [ 116.4299667, 39.9269626 ], [ 116.4296998, 39.9269708 ], [ 116.4296925, 39.927235 ], [ 116.4292649, 39.9272277 ], [ 116.429262, 39.9273064 ], [ 116.4281082, 39.9272846 ], [ 116.4281508, 39.9263195 ], [ 116.4282688, 39.9237899 ], [ 116.428301, 39.9230481 ], [ 116.4285997, 39.9161721 ], [ 116.4286268, 39.9154757 ], [ 116.4286544, 39.9148754 ], [ 116.4287074, 39.9136765 ], [ 116.4287681, 39.9127996 ], [ 116.4289258, 39.9118375 ], [ 116.4290811, 39.9111404 ], [ 116.4291434, 39.9108834 ], [ 116.4292056, 39.9106264 ], [ 116.4292182, 39.9105676 ], [ 116.4292311, 39.9105086 ], [ 116.4293256, 39.9100939 ], [ 116.4293493, 39.9099922 ], [ 116.4293738, 39.9098705 ], [ 116.4293904, 39.9097723 ], [ 116.4294062, 39.9096725 ], [ 116.4294151, 39.9096197 ], [ 116.4294268, 39.9095503 ], [ 116.4294819, 39.9090395 ], [ 116.4294964, 39.9085468 ], [ 116.4295625, 39.9074012 ], [ 116.4295818, 39.9069365 ], [ 116.4295868, 39.9065985 ], [ 116.4296143, 39.9059078 ], [ 116.4296466, 39.9052612 ], [ 116.4296898, 39.9047444 ], [ 116.4297093, 39.9046178 ], [ 116.4297269, 39.90445 ], [ 116.4297782, 39.9041141 ], [ 116.4298464, 39.9037272 ], [ 116.4301562, 39.9019654 ], [ 116.4301944, 39.9017242 ], [ 116.4302034, 39.901574 ], [ 116.4301961, 39.9014238 ], [ 116.430131, 39.9005592 ], [ 116.4308663, 39.9004896 ], [ 116.4308843, 39.9008622 ], [ 116.4316852, 39.9012794 ], [ 116.432905, 39.9012923 ], [ 116.4342246, 39.9013062 ], [ 116.4368476, 39.9018253 ], [ 116.4403074, 39.901773 ], [ 116.4423189, 39.9018362 ] ] ], [ [ [ 116.59395, 40.1001422 ], [ 116.5934141, 40.1031808 ], [ 116.5921547, 40.102366 ], [ 116.5922191, 40.1021984 ], [ 116.5923896, 40.1020281 ], [ 116.5926217, 40.100615 ], [ 116.5927844, 40.1004599 ], [ 116.5932333, 40.0983209 ], [ 116.5919995, 40.0982224 ], [ 116.5929329, 40.0924773 ], [ 116.590122, 40.0921572 ], [ 116.5902185, 40.0905731 ], [ 116.5900147, 40.0899001 ], [ 116.5901112, 40.0891778 ], [ 116.5874183, 40.0889069 ], [ 116.5876114, 40.0885294 ], [ 116.5748709, 40.0873186 ], [ 116.5729451, 40.0994247 ], [ 116.5734923, 40.0994699 ], [ 116.5734065, 40.1001264 ], [ 116.5728164, 40.1000813 ], [ 116.5725481, 40.1018252 ], [ 116.5719312, 40.1021001 ], [ 116.5717488, 40.1032408 ], [ 116.5707242, 40.1031751 ], [ 116.5704936, 40.1043938 ], [ 116.5701234, 40.1043773 ], [ 116.5697318, 40.1068556 ], [ 116.5689996, 40.106792 ], [ 116.5684605, 40.1101399 ], [ 116.56838, 40.1101312 ], [ 116.5689071, 40.1067868 ], [ 116.5682673, 40.1067304 ], [ 116.5686563, 40.1042214 ], [ 116.5677711, 40.1041168 ], [ 116.5687072, 40.0980049 ], [ 116.5676343, 40.0979393 ], [ 116.5677094, 40.0974058 ], [ 116.5688145, 40.0973525 ], [ 116.5691976, 40.0950411 ], [ 116.5703201, 40.0882691 ], [ 116.569259, 40.0881821 ], [ 116.5693633, 40.08713 ], [ 116.5704812, 40.0871807 ], [ 116.5715913, 40.0805807 ], [ 116.5707205, 40.080473 ], [ 116.5708348, 40.080067 ], [ 116.5716389, 40.0800572 ], [ 116.5730077, 40.0711417 ], [ 116.5739389, 40.0712032 ], [ 116.574294, 40.0686554 ], [ 116.5747026, 40.0686656 ], [ 116.5749639, 40.0666662 ], [ 116.5752452, 40.0666816 ], [ 116.5755748, 40.0640824 ], [ 116.5751728, 40.0640475 ], [ 116.5752599, 40.0636066 ], [ 116.576037, 40.0636681 ], [ 116.5759834, 40.0640988 ], [ 116.5756891, 40.0640934 ], [ 116.5754102, 40.0666859 ], [ 116.5756566, 40.066704 ], [ 116.5753376, 40.0687614 ], [ 116.5757668, 40.0688024 ], [ 116.5753806, 40.0713066 ], [ 116.57574, 40.0713517 ], [ 116.5755844, 40.0727475 ], [ 116.5772313, 40.0728706 ], [ 116.5808523, 40.0732195 ], [ 116.5815604, 40.0697877 ], [ 116.5827413, 40.0623711 ], [ 116.5830594, 40.060202 ], [ 116.5830731, 40.0599263 ], [ 116.5830356, 40.0596677 ], [ 116.5828693, 40.0594624 ], [ 116.582644, 40.0593064 ], [ 116.5819014, 40.0591986 ], [ 116.5818446, 40.059108 ], [ 116.5824088, 40.0585374 ], [ 116.5831751, 40.0585386 ], [ 116.5834701, 40.0586001 ], [ 116.5835228, 40.0581775 ], [ 116.5835369, 40.0581002 ], [ 116.584005, 40.0555374 ], [ 116.5840452, 40.0544504 ], [ 116.5838443, 40.0530556 ], [ 116.5834155, 40.0517326 ], [ 116.5825367, 40.0503962 ], [ 116.5819251, 40.0496283 ], [ 116.5837276, 40.0487536 ], [ 116.5854281, 40.0507082 ], [ 116.5855234, 40.0503153 ], [ 116.5855971, 40.0503204 ], [ 116.5860192, 40.0475666 ], [ 116.5851684, 40.0476281 ], [ 116.5833797, 40.0475153 ], [ 116.5817117, 40.0480743 ], [ 116.581303, 40.047623 ], [ 116.5819398, 40.047467 ], [ 116.5824183, 40.0475541 ], [ 116.582603, 40.0476665 ], [ 116.583143, 40.047467 ], [ 116.5842704, 40.0475142 ], [ 116.5843462, 40.047079 ], [ 116.5854689, 40.0471443 ], [ 116.5855589, 40.0451317 ], [ 116.5854344, 40.0451983 ], [ 116.5854202, 40.0456987 ], [ 116.5853065, 40.0456987 ], [ 116.5852876, 40.0457604 ], [ 116.5846765, 40.045748 ], [ 116.5848172, 40.0445377 ], [ 116.5847569, 40.0436351 ], [ 116.5845818, 40.0435954 ], [ 116.5845912, 40.0434649 ], [ 116.5844254, 40.0432908 ], [ 116.5843591, 40.0431421 ], [ 116.5841412, 40.0430914 ], [ 116.5842368, 40.0424626 ], [ 116.5861728, 40.0420061 ], [ 116.5887787, 40.0421856 ], [ 116.5906679, 40.0415343 ], [ 116.5920746, 40.0413657 ], [ 116.5940375, 40.0402983 ], [ 116.5946704, 40.0401315 ], [ 116.5946704, 40.0403056 ], [ 116.595362, 40.0409692 ], [ 116.5950683, 40.0427643 ], [ 116.5996584, 40.0431995 ], [ 116.5994689, 40.0448785 ], [ 116.5975647, 40.0455856 ], [ 116.5971905, 40.0457162 ], [ 116.5962952, 40.0461803 ], [ 116.5942204, 40.0481784 ], [ 116.5950494, 40.0487622 ], [ 116.5960726, 40.0472972 ], [ 116.5976147, 40.046187 ], [ 116.5976167, 40.0464843 ], [ 116.5976205, 40.0470563 ], [ 116.5976266, 40.0479605 ], [ 116.5976319, 40.0486068 ], [ 116.5976521, 40.0517586 ], [ 116.6002407, 40.0520381 ], [ 116.60039, 40.0513308 ], [ 116.6007261, 40.0513536 ], [ 116.6013977, 40.0473474 ], [ 116.6014817, 40.0473547 ], [ 116.6008833, 40.0513739 ], [ 116.6012386, 40.0514437 ], [ 116.6011723, 40.0521253 ], [ 116.601987, 40.0522414 ], [ 116.6025977, 40.0535647 ], [ 116.6026647, 40.0541185 ], [ 116.6017939, 40.059687 ], [ 116.6023432, 40.0596357 ], [ 116.6023566, 40.0602715 ], [ 116.6015929, 40.0603535 ], [ 116.5998511, 40.0718991 ], [ 116.60099, 40.0719811 ], [ 116.6008962, 40.0725963 ], [ 116.599744, 40.0724425 ], [ 116.5981007, 40.0829936 ], [ 116.5976776, 40.0857101 ], [ 116.5987387, 40.0857826 ], [ 116.5987102, 40.0861015 ], [ 116.598966, 40.0861305 ], [ 116.5988523, 40.0868481 ], [ 116.5980376, 40.0867973 ], [ 116.5971325, 40.0927046 ], [ 116.5957927, 40.0926576 ], [ 116.5948879, 40.0983487 ], [ 116.5941443, 40.0983128 ], [ 116.5935883, 40.0999884 ], [ 116.59395, 40.1001422 ] ] ] ] } },
{ "type": "Feature", "properties": { "adcode": "110106", "name": "丰台区", "source": "OSM(直接)", "area_km2": 305.704, "note": "" }, "geometry": { "type": "MultiPolygon", "coordinates": [ [ [ [ 116.4373174, 39.8708701 ], [ 116.4371295, 39.8706787 ], [ 116.4368345, 39.8704979 ], [ 116.4364974, 39.87044 ], [ 116.4327662, 39.8706072 ], [ 116.4301029, 39.8707266 ], [ 116.4282334, 39.8708103 ], [ 116.4277306, 39.8708383 ], [ 116.4265278, 39.8709052 ], [ 116.42225, 39.8711624 ], [ 116.4190146, 39.871363 ], [ 116.4168177, 39.871394 ], [ 116.4162157, 39.8711331 ], [ 116.4157578, 39.8709558 ], [ 116.4153641, 39.870823 ], [ 116.4151606, 39.8707644 ], [ 116.4149798, 39.8707203 ], [ 116.4144097, 39.8705959 ], [ 116.4138088, 39.8704973 ], [ 116.4133045, 39.8704366 ], [ 116.409956, 39.8701227 ], [ 116.4100401, 39.8692624 ], [ 116.4074007, 39.8691646 ], [ 116.4074452, 39.8682535 ], [ 116.40943, 39.8682831 ], [ 116.409437, 39.8681134 ], [ 116.4086687, 39.8680975 ], [ 116.408684, 39.8678547 ], [ 116.4087044, 39.8674121 ], [ 116.4089073, 39.8674176 ], [ 116.4089908, 39.8656553 ], [ 116.4094493, 39.8656648 ], [ 116.4094526, 39.8655547 ], [ 116.4094585, 39.865428 ], [ 116.410381, 39.8654534 ], [ 116.4103945, 39.865162 ], [ 116.4104243, 39.8644113 ], [ 116.4097654, 39.8643913 ], [ 116.4096104, 39.8643864 ], [ 116.4096164, 39.8642402 ], [ 116.4096216, 39.8640977 ], [ 116.4096277, 39.8640141 ], [ 116.4094516, 39.8640092 ], [ 116.4094608, 39.8637589 ], [ 116.4095425, 39.8622809 ], [ 116.4094083, 39.8620867 ], [ 116.409422, 39.8618432 ], [ 116.4091407, 39.8618338 ], [ 116.4091343, 39.8619467 ], [ 116.4086928, 39.8619322 ], [ 116.4086861, 39.8620518 ], [ 116.4081449, 39.862034 ], [ 116.4081204, 39.8624739 ], [ 116.40778, 39.8624628 ], [ 116.4078268, 39.8612846 ], [ 116.4078533, 39.8605571 ], [ 116.4074828, 39.8605483 ], [ 116.4075011, 39.8598568 ], [ 116.4075161, 39.8594794 ], [ 116.4072279, 39.8594762 ], [ 116.4072522, 39.8586764 ], [ 116.4048565, 39.8586458 ], [ 116.4048758, 39.8574913 ], [ 116.4020268, 39.8575051 ], [ 116.4006828, 39.8585396 ], [ 116.3984485, 39.8583722 ], [ 116.3983653, 39.8583695 ], [ 116.3945058, 39.8582323 ], [ 116.3937562, 39.8582125 ], [ 116.3938137, 39.8572241 ], [ 116.3929373, 39.8572032 ], [ 116.3917734, 39.8572102 ], [ 116.3892834, 39.8572453 ], [ 116.3892038, 39.8599782 ], [ 116.3888674, 39.8604082 ], [ 116.3887075, 39.8612752 ], [ 116.3886951, 39.8613427 ], [ 116.3880314, 39.8613442 ], [ 116.3880314, 39.8609385 ], [ 116.3869166, 39.8609765 ], [ 116.3868847, 39.8623511 ], [ 116.3850035, 39.8623549 ], [ 116.3849732, 39.8638249 ], [ 116.3830352, 39.8637705 ], [ 116.38135, 39.8637399 ], [ 116.3816129, 39.8646185 ], [ 116.3816832, 39.8649043 ], [ 116.3816996, 39.8656757 ], [ 116.3815338, 39.8656664 ], [ 116.381489, 39.8655504 ], [ 116.3793899, 39.8650068 ], [ 116.3792855, 39.8652351 ], [ 116.3785484, 39.8650362 ], [ 116.3785901, 39.8649328 ], [ 116.3782782, 39.8648486 ], [ 116.375295, 39.8646956 ], [ 116.3751403, 39.8650499 ], [ 116.3749172, 39.8652673 ], [ 116.3742394, 39.8655702 ], [ 116.3734415, 39.8656492 ], [ 116.3723863, 39.8654286 ], [ 116.3723605, 39.8657677 ], [ 116.3724892, 39.8657842 ], [ 116.3724849, 39.8658797 ], [ 116.3722747, 39.8658435 ], [ 116.3722747, 39.8660114 ], [ 116.3733211, 39.8660262 ], [ 116.3733527, 39.8664446 ], [ 116.3749725, 39.8665983 ], [ 116.3749301, 39.867213 ], [ 116.3750211, 39.8672176 ], [ 116.3750109, 39.8675065 ], [ 116.3754666, 39.8675389 ], [ 116.3753258, 39.8685012 ], [ 116.3751431, 39.8684846 ], [ 116.375008, 39.8697624 ], [ 116.3681154, 39.8692612 ], [ 116.3462595, 39.8676669 ], [ 116.3451267, 39.8675624 ], [ 116.3442224, 39.8675361 ], [ 116.3434087, 39.8680651 ], [ 116.3431206, 39.8684597 ], [ 116.3429481, 39.8688373 ], [ 116.3429057, 39.8695676 ], [ 116.3431717, 39.8722526 ], [ 116.3407287, 39.872243 ], [ 116.3380874, 39.8721492 ], [ 116.3381177, 39.8723167 ], [ 116.3377722, 39.8724097 ], [ 116.337651, 39.8737354 ], [ 116.3375601, 39.8738749 ], [ 116.3366688, 39.8744179 ], [ 116.3360289, 39.8746195 ], [ 116.3353297, 39.8746889 ], [ 116.3320845, 39.874461 ], [ 116.3306481, 39.8743028 ], [ 116.3263151, 39.8739512 ], [ 116.3215752, 39.8747932 ], [ 116.3195353, 39.8748326 ], [ 116.3191581, 39.8750037 ], [ 116.3187638, 39.8747998 ], [ 116.3172175, 39.8746479 ], [ 116.3149327, 39.8737449 ], [ 116.3149236, 39.8746463 ], [ 116.3149299, 39.8767892 ], [ 116.3149201, 39.8800808 ], [ 116.3158343, 39.8801218 ], [ 116.3158322, 39.8808991 ], [ 116.3155975, 39.8810677 ], [ 116.3156318, 39.8823668 ], [ 116.3157175, 39.8825378 ], [ 116.3162318, 39.8825575 ], [ 116.3162403, 39.8827088 ], [ 116.3166775, 39.8827153 ], [ 116.3167032, 39.8828535 ], [ 116.3169518, 39.8828337 ], [ 116.3169646, 39.88311 ], [ 116.317286, 39.8831198 ], [ 116.3173632, 39.8850864 ], [ 116.3173032, 39.8854909 ], [ 116.3172475, 39.8855106 ], [ 116.3172475, 39.8856915 ], [ 116.3174403, 39.8857079 ], [ 116.317436, 39.8861255 ], [ 116.3180574, 39.8861387 ], [ 116.318036, 39.887585 ], [ 116.3179674, 39.8884466 ], [ 116.3201188, 39.8885255 ], [ 116.3200674, 39.8889398 ], [ 116.3196388, 39.889433 ], [ 116.319563, 39.8910071 ], [ 116.3198274, 39.892248 ], [ 116.3196028, 39.8922959 ], [ 116.3194834, 39.8923365 ], [ 116.3194513, 39.89249 ], [ 116.31944, 39.8925731 ], [ 116.3194767, 39.8926517 ], [ 116.3195112, 39.8926844 ], [ 116.3196909, 39.8927598 ], [ 116.3197128, 39.8946972 ], [ 116.3197085, 39.8956311 ], [ 116.3083766, 39.8956979 ], [ 116.3075736, 39.8952812 ], [ 116.3069832, 39.895216 ], [ 116.3065014, 39.8949406 ], [ 116.3065254, 39.8941576 ], [ 116.3046751, 39.8941422 ], [ 116.304687, 39.8939303 ], [ 116.3046513, 39.8933689 ], [ 116.3046573, 39.8931022 ], [ 116.3046854, 39.8928427 ], [ 116.3042631, 39.892837 ], [ 116.3039172, 39.8928324 ], [ 116.3011719, 39.8923712 ], [ 116.3011686, 39.8910079 ], [ 116.2995855, 39.8910746 ], [ 116.2996122, 39.8903263 ], [ 116.3003069, 39.8903007 ], [ 116.3002535, 39.8895832 ], [ 116.297782, 39.8895883 ], [ 116.2977887, 39.8910438 ], [ 116.2965463, 39.8905416 ], [ 116.2964327, 39.8904134 ], [ 116.296406, 39.8899829 ], [ 116.2965062, 39.8895575 ], [ 116.2965529, 39.8883634 ], [ 116.2972677, 39.8884146 ], [ 116.2972677, 39.8876612 ], [ 116.2965129, 39.8876714 ], [ 116.2965262, 39.8881225 ], [ 116.2954708, 39.8882711 ], [ 116.294175, 39.8881737 ], [ 116.2929259, 39.8881532 ], [ 116.2929192, 39.8872665 ], [ 116.2903892, 39.8854388 ], [ 116.2903128, 39.8854327 ], [ 116.2887549, 39.8853083 ], [ 116.288736, 39.8869827 ], [ 116.2884054, 39.8870262 ], [ 116.2881787, 39.8872799 ], [ 116.2878764, 39.8874176 ], [ 116.2879142, 39.8879612 ], [ 116.2884054, 39.8883949 ], [ 116.2884054, 39.8912941 ], [ 116.2887644, 39.891526 ], [ 116.2887466, 39.8950215 ], [ 116.2874374, 39.8952163 ], [ 116.2709708, 39.8952104 ], [ 116.2697239, 39.8948625 ], [ 116.2680207, 39.8948391 ], [ 116.2629187, 39.8947691 ], [ 116.2629187, 39.8948485 ], [ 116.260489, 39.8948336 ], [ 116.2582741, 39.8950956 ], [ 116.2529269, 39.8951629 ], [ 116.2520194, 39.8945191 ], [ 116.2520097, 39.8940774 ], [ 116.2502762, 39.8941058 ], [ 116.250325, 39.8946074 ], [ 116.2493785, 39.8944128 ], [ 116.2468959, 39.8944079 ], [ 116.2417675, 39.8943978 ], [ 116.2404698, 39.8938662 ], [ 116.2404405, 39.8938962 ], [ 116.2379716, 39.8930027 ], [ 116.2379164, 39.8930821 ], [ 116.237461, 39.892918 ], [ 116.2374748, 39.8928386 ], [ 116.236047, 39.892314 ], [ 116.2356257, 39.8925369 ], [ 116.2354972, 39.8928306 ], [ 116.235318, 39.8931584 ], [ 116.2350478, 39.8934212 ], [ 116.2347327, 39.8937693 ], [ 116.2346217, 39.8939109 ], [ 116.23388, 39.8939343 ], [ 116.2338212, 39.8938479 ], [ 116.2338159, 39.8934878 ], [ 116.2331293, 39.8934747 ], [ 116.2330633, 39.8932146 ], [ 116.2330079, 39.8930655 ], [ 116.2325152, 39.8930629 ], [ 116.2325151, 39.8929804 ], [ 116.2318975, 39.8929905 ], [ 116.2318951, 39.8926046 ], [ 116.2317004, 39.8924457 ], [ 116.2315476, 39.8921353 ], [ 116.2315456, 39.8906382 ], [ 116.2295638, 39.8906369 ], [ 116.2295878, 39.8881977 ], [ 116.2272567, 39.8881684 ], [ 116.226359, 39.8887973 ], [ 116.2260077, 39.8886775 ], [ 116.2256564, 39.8879588 ], [ 116.2235807, 39.8878911 ], [ 116.223327, 39.8877713 ], [ 116.2217951, 39.8877788 ], [ 116.221717, 39.8877189 ], [ 116.2214535, 39.8876814 ], [ 116.2214535, 39.8873595 ], [ 116.2217853, 39.8873445 ], [ 116.221717, 39.8867156 ], [ 116.221356, 39.8866707 ], [ 116.2213365, 39.8857722 ], [ 116.2214633, 39.8850609 ], [ 116.2221658, 39.8850609 ], [ 116.2220488, 39.8837057 ], [ 116.2221756, 39.8836982 ], [ 116.2221658, 39.8819911 ], [ 116.2166308, 39.8823039 ], [ 116.2164942, 39.8800276 ], [ 116.2128448, 39.8800725 ], [ 116.2120447, 39.875385 ], [ 116.2108361, 39.8755334 ], [ 116.2096394, 39.8756804 ], [ 116.2094187, 39.8758393 ], [ 116.2083837, 39.8758711 ], [ 116.2070314, 39.8771842 ], [ 116.2043311, 39.8770785 ], [ 116.2045381, 39.8762949 ], [ 116.2046209, 39.8758501 ], [ 116.2048141, 39.8759136 ], [ 116.2051867, 39.874897 ], [ 116.2062078, 39.874897 ], [ 116.2062354, 39.8733931 ], [ 116.2053799, 39.8733402 ], [ 116.2054351, 39.8735202 ], [ 116.204742, 39.8735118 ], [ 116.2043322, 39.8728078 ], [ 116.2011121, 39.8725233 ], [ 116.2013268, 39.8734668 ], [ 116.2009951, 39.8748896 ], [ 116.2001949, 39.8761926 ], [ 116.1982456, 39.8781163 ], [ 116.1942576, 39.8807637 ], [ 116.1917737, 39.8816426 ], [ 116.1898142, 39.8820238 ], [ 116.1897314, 39.8822992 ], [ 116.1881859, 39.8823839 ], [ 116.1868473, 39.8812296 ], [ 116.1866541, 39.8807531 ], [ 116.1857848, 39.8804884 ], [ 116.1808584, 39.8811767 ], [ 116.1781261, 39.881452 ], [ 116.1746349, 39.8815791 ], [ 116.1716542, 39.8821721 ], [ 116.1684348, 39.8833941 ], [ 116.1663415, 39.884364 ], [ 116.1657757, 39.8840463 ], [ 116.164106, 39.8847664 ], [ 116.1638852, 39.8861429 ], [ 116.1629559, 39.8862031 ], [ 116.1613656, 39.8854123 ], [ 116.161228, 39.885602 ], [ 116.160082, 39.88579 ], [ 116.15907, 39.886099 ], [ 116.156317, 39.886605 ], [ 116.155099, 39.88668 ], [ 116.152879, 39.887329 ], [ 116.152224, 39.887475 ], [ 116.151171, 39.887557 ], [ 116.150393, 39.887886 ], [ 116.14942, 39.887999 ], [ 116.148937, 39.887967 ], [ 116.147826, 39.887662 ], [ 116.147327, 39.887631 ], [ 116.147582, 39.887304 ], [ 116.147979, 39.886997 ], [ 116.148208, 39.88668 ], [ 116.148322, 39.886314 ], [ 116.14827, 39.885798 ], [ 116.147945, 39.885156 ], [ 116.147044, 39.884532 ], [ 116.145666, 39.883756 ], [ 116.145291, 39.883441 ], [ 116.145018, 39.883025 ], [ 116.144362, 39.882897 ], [ 116.143198, 39.88383 ], [ 116.142723, 39.88398 ], [ 116.142209, 39.884009 ], [ 116.141889, 39.884198 ], [ 116.141439, 39.884309 ], [ 116.140872, 39.884131 ], [ 116.139737, 39.883253 ], [ 116.13939, 39.883176 ], [ 116.138299, 39.883285 ], [ 116.135792, 39.883143 ], [ 116.134827, 39.882986 ], [ 116.133683, 39.882701 ], [ 116.130849, 39.881354 ], [ 116.129517, 39.8809 ], [ 116.128335, 39.880743 ], [ 116.125657, 39.879817 ], [ 116.125053, 39.879553 ], [ 116.121948, 39.877767 ], [ 116.121356, 39.877609 ], [ 116.120562, 39.877789 ], [ 116.120045, 39.876633 ], [ 116.119761, 39.876545 ], [ 116.119388, 39.876555 ], [ 116.119459, 39.876478 ], [ 116.119011, 39.876356 ], [ 116.118177, 39.876388 ], [ 116.117725, 39.876531 ], [ 116.117697, 39.876747 ], [ 116.117344, 39.876949 ], [ 116.116118, 39.87696 ], [ 116.115253, 39.87707 ], [ 116.115013, 39.876984 ], [ 116.114273, 39.876974 ], [ 116.112546, 39.875786 ], [ 116.111744, 39.875383 ], [ 116.111706, 39.875299 ], [ 116.111768, 39.875174 ], [ 116.110679, 39.874328 ], [ 116.109109, 39.873805 ], [ 116.106539, 39.872101 ], [ 116.105844, 39.871764 ], [ 116.105725, 39.871726 ], [ 116.10553, 39.871869 ], [ 116.104646, 39.871687 ], [ 116.103267, 39.871499 ], [ 116.102598, 39.871104 ], [ 116.102098, 39.871033 ], [ 116.101057, 39.871227 ], [ 116.099361, 39.871942 ], [ 116.098232, 39.87226 ], [ 116.097204, 39.872222 ], [ 116.096226, 39.871867 ], [ 116.096217, 39.871773 ], [ 116.095816, 39.871265 ], [ 116.096117, 39.870255 ], [ 116.096432, 39.869771 ], [ 116.097273, 39.86906 ], [ 116.09752, 39.868097 ], [ 116.097843, 39.867692 ], [ 116.097923, 39.867349 ], [ 116.097859, 39.867118 ], [ 116.09761, 39.866807 ], [ 116.096813, 39.86617 ], [ 116.095983, 39.865832 ], [ 116.094583, 39.865767 ], [ 116.090762, 39.867256 ], [ 116.089554, 39.867599 ], [ 116.089317, 39.867492 ], [ 116.088618, 39.866776 ], [ 116.087119, 39.866138 ], [ 116.086035, 39.865567 ], [ 116.084552, 39.86501 ], [ 116.0837539, 39.8648984 ], [ 116.0832019, 39.8647965 ], [ 116.0809725, 39.8645826 ], [ 116.08071, 39.8646453 ], [ 116.080454, 39.864766 ], [ 116.080123, 39.864795 ], [ 116.079382, 39.865208 ], [ 116.077819, 39.865728 ], [ 116.076278, 39.867268 ], [ 116.075706, 39.867453 ], [ 116.074801, 39.867474 ], [ 116.074037, 39.868009 ], [ 116.07341, 39.868462 ], [ 116.073026, 39.868616 ], [ 116.072031, 39.868878 ], [ 116.071329, 39.86887 ], [ 116.06766, 39.868225 ], [ 116.066039, 39.867761 ], [ 116.064823, 39.867214 ], [ 116.063993, 39.866947 ], [ 116.063247, 39.865668 ], [ 116.06221, 39.865339 ], [ 116.061665, 39.864757 ], [ 116.06135, 39.864688 ], [ 116.061053, 39.864388 ], [ 116.061052, 39.864296 ], [ 116.061307, 39.864168 ], [ 116.061547, 39.863873 ], [ 116.061681, 39.863319 ], [ 116.062185, 39.862782 ], [ 116.062577, 39.862165 ], [ 116.062718, 39.861844 ], [ 116.062785, 39.861416 ], [ 116.062948, 39.861101 ], [ 116.063011, 39.860693 ], [ 116.06333, 39.859902 ], [ 116.063864, 39.859051 ], [ 116.064031, 39.85835 ], [ 116.064068, 39.857887 ], [ 116.063972, 39.856232 ], [ 116.064046, 39.855877 ], [ 116.063923, 39.854701 ], [ 116.06396, 39.854173 ], [ 116.064427, 39.853529 ], [ 116.064525, 39.852669 ], [ 116.064691, 39.85233 ], [ 116.062872, 39.85183 ], [ 116.06202, 39.852102 ], [ 116.061867, 39.852441 ], [ 116.061516, 39.852807 ], [ 116.060081, 39.85331 ], [ 116.058825, 39.851698 ], [ 116.058326, 39.850766 ], [ 116.057536, 39.849561 ], [ 116.056046, 39.850962 ], [ 116.055833, 39.851123 ], [ 116.055358, 39.851311 ], [ 116.054628, 39.851893 ], [ 116.054045, 39.85181 ], [ 116.053587, 39.851832 ], [ 116.051454, 39.85057 ], [ 116.050471, 39.849853 ], [ 116.050203, 39.849406 ], [ 116.050307, 39.848362 ], [ 116.050134, 39.847737 ], [ 116.049952, 39.847518 ], [ 116.049379, 39.846062 ], [ 116.048754, 39.845004 ], [ 116.048362, 39.844568 ], [ 116.0501649, 39.8429168 ], [ 116.0505299, 39.841749 ], [ 116.0527807, 39.8407448 ], [ 116.054697, 39.8407214 ], [ 116.0562483, 39.8401142 ], [ 116.060233, 39.8400441 ], [ 116.0614939, 39.8390862 ], [ 116.061666, 39.8379302 ], [ 116.0668944, 39.837218 ], [ 116.0667119, 39.8360735 ], [ 116.068689, 39.8356998 ], [ 116.0709094, 39.8330371 ], [ 116.0701794, 39.8320794 ], [ 116.0710811, 39.8306813 ], [ 116.072495, 39.8312604 ], [ 116.072982, 39.8320084 ], [ 116.0729034, 39.8307899 ], [ 116.073469, 39.8307899 ], [ 116.0734061, 39.832129 ], [ 116.0746158, 39.8305004 ], [ 116.0747415, 39.8288596 ], [ 116.0756526, 39.8290647 ], [ 116.0759825, 39.8284494 ], [ 116.0760925, 39.8274239 ], [ 116.076658, 39.8271223 ], [ 116.0770037, 39.8266397 ], [ 116.0780719, 39.8268569 ], [ 116.0785746, 39.8258917 ], [ 116.080554, 39.8266759 ], [ 116.0803498, 39.8291371 ], [ 116.0814495, 39.8293422 ], [ 116.0823607, 39.8292819 ], [ 116.0829262, 39.8285339 ], [ 116.0830519, 39.8265432 ], [ 116.0825335, 39.8264588 ], [ 116.0826127, 39.8218627 ], [ 116.0821858, 39.8218631 ], [ 116.0820826, 39.8177484 ], [ 116.0821402, 39.8171839 ], [ 116.0822738, 39.817013 ], [ 116.0826793, 39.8168698 ], [ 116.082967, 39.8162259 ], [ 116.0833466, 39.8161514 ], [ 116.0831324, 39.814935 ], [ 116.0790813, 39.8150175 ], [ 116.0797973, 39.8118381 ], [ 116.0784148, 39.810921 ], [ 116.0802057, 39.8074696 ], [ 116.0793574, 39.8064317 ], [ 116.0798601, 39.8039456 ], [ 116.0808027, 39.8032456 ], [ 116.0808341, 39.8012421 ], [ 116.0806142, 39.7974954 ], [ 116.0791061, 39.7947434 ], [ 116.0799858, 39.7917499 ], [ 116.0830649, 39.7903014 ], [ 116.0853247, 39.7835327 ], [ 116.0872967, 39.7830884 ], [ 116.0881569, 39.780407 ], [ 116.0883991, 39.780223 ], [ 116.0904069, 39.7803866 ], [ 116.0918599, 39.7810049 ], [ 116.0931085, 39.781453 ], [ 116.0934716, 39.7814755 ], [ 116.0939061, 39.7814082 ], [ 116.0950519, 39.7818374 ], [ 116.0953084, 39.7825599 ], [ 116.0962316, 39.7845075 ], [ 116.1027189, 39.7852587 ], [ 116.1036076, 39.7879903 ], [ 116.1143605, 39.7890829 ], [ 116.1159601, 39.7847124 ], [ 116.1252023, 39.7836197 ], [ 116.1265354, 39.7784294 ], [ 116.1172043, 39.778566 ], [ 116.1127609, 39.7736485 ], [ 116.1120582, 39.7719276 ], [ 116.1123795, 39.7713455 ], [ 116.1147662, 39.7712397 ], [ 116.1147203, 39.7730212 ], [ 116.1154546, 39.7730388 ], [ 116.1158907, 39.7718747 ], [ 116.115317, 39.7708164 ], [ 116.1154776, 39.7688937 ], [ 116.114835, 39.7687703 ], [ 116.1146055, 39.7703401 ], [ 116.1123597, 39.7703991 ], [ 116.1134631, 39.7665076 ], [ 116.1152047, 39.7650676 ], [ 116.1157322, 39.7611436 ], [ 116.1170769, 39.7612615 ], [ 116.1164439, 39.7650058 ], [ 116.1182141, 39.7651707 ], [ 116.1187828, 39.7614306 ], [ 116.1228517, 39.762111 ], [ 116.1228034, 39.7623069 ], [ 116.1255315, 39.7633744 ], [ 116.1279796, 39.7661867 ], [ 116.1283043, 39.7663077 ], [ 116.1306501, 39.7662683 ], [ 116.1315756, 39.7672946 ], [ 116.1329715, 39.766624 ], [ 116.1321218, 39.7654286 ], [ 116.1335632, 39.7647521 ], [ 116.1333584, 39.7644197 ], [ 116.1336686, 39.7643035 ], [ 116.1354213, 39.7650748 ], [ 116.1359081, 39.7644012 ], [ 116.1373361, 39.7643014 ], [ 116.1375957, 39.7652494 ], [ 116.1419122, 39.7650748 ], [ 116.1421718, 39.7666464 ], [ 116.140971, 39.7671454 ], [ 116.1408736, 39.7687668 ], [ 116.1426262, 39.7687419 ], [ 116.1426262, 39.7673699 ], [ 116.1455146, 39.7669957 ], [ 116.1454822, 39.7661724 ], [ 116.1495236, 39.7656758 ], [ 116.1515556, 39.7666992 ], [ 116.1528818, 39.7666464 ], [ 116.1556404, 39.7696649 ], [ 116.159892, 39.7736809 ], [ 116.1635269, 39.7829844 ], [ 116.1696608, 39.783558 ], [ 116.1725168, 39.7830592 ], [ 116.1729063, 39.7817373 ], [ 116.1775719, 39.7826095 ], [ 116.1778473, 39.7803168 ], [ 116.1783063, 39.7802815 ], [ 116.1780404, 39.7788031 ], [ 116.1810696, 39.7789442 ], [ 116.1826301, 39.7807078 ], [ 116.187199, 39.779062 ], [ 116.1890893, 39.7795383 ], [ 116.1903409, 39.7791911 ], [ 116.1897902, 39.7774737 ], [ 116.1939368, 39.7766741 ], [ 116.1957543, 39.7850045 ], [ 116.1956287, 39.7876316 ], [ 116.1952783, 39.7949584 ], [ 116.1957202, 39.7983843 ], [ 116.1968218, 39.7990719 ], [ 116.1970742, 39.8005529 ], [ 116.1986347, 39.8012229 ], [ 116.2004247, 39.8025276 ], [ 116.2001952, 39.803938 ], [ 116.2019164, 39.8045903 ], [ 116.2024672, 39.8054189 ], [ 116.2017833, 39.810007 ], [ 116.2041363, 39.8100195 ], [ 116.2043148, 39.8109294 ], [ 116.2055643, 39.8127992 ], [ 116.2059213, 39.8124626 ], [ 116.2065866, 39.8125125 ], [ 116.2074791, 39.8129612 ], [ 116.2098807, 39.8159901 ], [ 116.2069111, 39.8183583 ], [ 116.2074304, 39.8196919 ], [ 116.2072844, 39.8228077 ], [ 116.2217959, 39.8230885 ], [ 116.2215038, 39.8239609 ], [ 116.2219257, 39.824285 ], [ 116.2253983, 39.8233876 ], [ 116.2282019, 39.821781 ], [ 116.2334795, 39.8162336 ], [ 116.2376337, 39.8110233 ], [ 116.2372442, 39.8105746 ], [ 116.2418686, 39.8040725 ], [ 116.2419896, 39.8041079 ], [ 116.2421432, 39.8041529 ], [ 116.2435516, 39.8021057 ], [ 116.2440494, 39.7948997 ], [ 116.2442449, 39.7920696 ], [ 116.247516, 39.7920696 ], [ 116.2506248, 39.7934763 ], [ 116.2508492, 39.7943387 ], [ 116.250898, 39.795261 ], [ 116.2505564, 39.7954784 ], [ 116.2506833, 39.7955459 ], [ 116.253305, 39.7963232 ], [ 116.2543194, 39.7954854 ], [ 116.2548163, 39.7958831 ], [ 116.2551889, 39.7946848 ], [ 116.2551832, 39.794358 ], [ 116.255182, 39.7942871 ], [ 116.2562448, 39.7942765 ], [ 116.2563897, 39.7930199 ], [ 116.2567262, 39.7917724 ], [ 116.2568122, 39.7917735 ], [ 116.2588343, 39.7917987 ], [ 116.2588391, 39.7923311 ], [ 116.2602689, 39.7923199 ], [ 116.2606495, 39.792991 ], [ 116.2606641, 39.7933847 ], [ 116.2629527, 39.7935871 ], [ 116.2629625, 39.7937784 ], [ 116.2630503, 39.7937859 ], [ 116.2630845, 39.7936846 ], [ 116.2634065, 39.7938683 ], [ 116.2634846, 39.7939996 ], [ 116.2636115, 39.7940333 ], [ 116.2636359, 39.7939546 ], [ 116.2653779, 39.7944795 ], [ 116.2665924, 39.7947479 ], [ 116.2666027, 39.7948057 ], [ 116.2671737, 39.7951319 ], [ 116.2673493, 39.7951206 ], [ 116.2681694, 39.7957807 ], [ 116.2684211, 39.7958613 ], [ 116.2708296, 39.7957977 ], [ 116.2814277, 39.7980112 ], [ 116.282999, 39.7951468 ], [ 116.2882182, 39.7967447 ], [ 116.2888653, 39.7958822 ], [ 116.287913, 39.7953891 ], [ 116.2891276, 39.7938355 ], [ 116.2848718, 39.7917866 ], [ 116.2864475, 39.7893137 ], [ 116.2879203, 39.7898144 ], [ 116.2886671, 39.7899965 ], [ 116.2888211, 39.7897324 ], [ 116.2884653, 39.7896034 ], [ 116.288193, 39.7895047 ], [ 116.2899353, 39.7868271 ], [ 116.2902908, 39.7865812 ], [ 116.2914324, 39.7838164 ], [ 116.2903597, 39.7835266 ], [ 116.2913388, 39.7809628 ], [ 116.2924786, 39.7812204 ], [ 116.2927803, 39.7805506 ], [ 116.2927636, 39.778438 ], [ 116.2936352, 39.7769823 ], [ 116.2948923, 39.77724 ], [ 116.2963737, 39.7748656 ], [ 116.2951333, 39.7744533 ], [ 116.2966586, 39.7718896 ], [ 116.2985893, 39.7714875 ], [ 116.3015287, 39.7684266 ], [ 116.3051075, 39.7684189 ], [ 116.3061777, 39.7709941 ], [ 116.30859, 39.7769549 ], [ 116.3105615, 39.7820206 ], [ 116.3154762, 39.7818441 ], [ 116.3152548, 39.7902459 ], [ 116.3169141, 39.7946173 ], [ 116.3169888, 39.797056 ], [ 116.3203747, 39.7969308 ], [ 116.3209781, 39.7973815 ], [ 116.3214474, 39.7989011 ], [ 116.3220844, 39.8004594 ], [ 116.3302307, 39.8006397 ], [ 116.3298886, 39.801706 ], [ 116.3347664, 39.8047218 ], [ 116.3348402, 39.8062284 ], [ 116.3392618, 39.8063262 ], [ 116.3393859, 39.8052523 ], [ 116.3445276, 39.8050791 ], [ 116.3496343, 39.8049716 ], [ 116.3509619, 39.7988599 ], [ 116.3539877, 39.7986113 ], [ 116.3610112, 39.7980678 ], [ 116.3611351, 39.7972305 ], [ 116.3613585, 39.7957614 ], [ 116.3618674, 39.7932232 ], [ 116.3616596, 39.7932201 ], [ 116.3595638, 39.7928921 ], [ 116.3602717, 39.7895513 ], [ 116.3602917, 39.7894369 ], [ 116.3610134, 39.7894151 ], [ 116.3612059, 39.7874415 ], [ 116.3611418, 39.7867348 ], [ 116.361443, 39.7836343 ], [ 116.3641167, 39.7828639 ], [ 116.3640693, 39.7841573 ], [ 116.3724584, 39.7842072 ], [ 116.3724743, 39.783923 ], [ 116.3725912, 39.7819344 ], [ 116.3727463, 39.7795171 ], [ 116.3728652, 39.7777373 ], [ 116.3728805, 39.7776369 ], [ 116.3774291, 39.7773993 ], [ 116.3795661, 39.7772487 ], [ 116.37944, 39.7787453 ], [ 116.3840542, 39.778869 ], [ 116.3842725, 39.7749662 ], [ 116.3850704, 39.7637218 ], [ 116.3925014, 39.7644237 ], [ 116.3921674, 39.76878 ], [ 116.3916596, 39.7754032 ], [ 116.3915975, 39.7761849 ], [ 116.3914665, 39.7778457 ], [ 116.3911569, 39.7829111 ], [ 116.3909691, 39.7830275 ], [ 116.3899075, 39.7831393 ], [ 116.3898036, 39.7832024 ], [ 116.3896926, 39.7832031 ], [ 116.3896416, 39.7855822 ], [ 116.4031516, 39.7860157 ], [ 116.4138339, 39.7864599 ], [ 116.4139161, 39.7861703 ], [ 116.4143836, 39.7867117 ], [ 116.4147105, 39.7870904 ], [ 116.4144492, 39.7886601 ], [ 116.4155748, 39.7888019 ], [ 116.4149421, 39.7926951 ], [ 116.4199479, 39.7932353 ], [ 116.4204955, 39.7908242 ], [ 116.4216047, 39.7909616 ], [ 116.4210893, 39.7931993 ], [ 116.4213215, 39.7931925 ], [ 116.4213438, 39.7926572 ], [ 116.423048, 39.7926326 ], [ 116.4230693, 39.7923852 ], [ 116.4233566, 39.792386 ], [ 116.4231653, 39.7976478 ], [ 116.4230501, 39.8022687 ], [ 116.4223964, 39.8022552 ], [ 116.4178637, 39.8021256 ], [ 116.417906, 39.8039595 ], [ 116.4194088, 39.8039725 ], [ 116.4193923, 39.805215 ], [ 116.4179432, 39.8052389 ], [ 116.4179257, 39.807054 ], [ 116.4161992, 39.8090498 ], [ 116.4150149, 39.8084767 ], [ 116.4147681, 39.8090734 ], [ 116.4143022, 39.8089733 ], [ 116.4137973, 39.8088003 ], [ 116.4121612, 39.8078835 ], [ 116.4116889, 39.8083929 ], [ 116.4122934, 39.8087389 ], [ 116.4122105, 39.8089301 ], [ 116.41144, 39.8088573 ], [ 116.41016, 39.8107601 ], [ 116.409583, 39.8106088 ], [ 116.4092324, 39.8111356 ], [ 116.407763, 39.8105233 ], [ 116.4064555, 39.8102145 ], [ 116.40519, 39.8096517 ], [ 116.4037952, 39.8100409 ], [ 116.4037715, 39.8103869 ], [ 116.4036767, 39.810396 ], [ 116.4037004, 39.8152577 ], [ 116.4059353, 39.8149344 ], [ 116.4058552, 39.8146469 ], [ 116.4060979, 39.8144942 ], [ 116.4064102, 39.8142978 ], [ 116.4070197, 39.8141754 ], [ 116.4073973, 39.8147065 ], [ 116.407762, 39.8147079 ], [ 116.4095987, 39.8138488 ], [ 116.4102664, 39.8140745 ], [ 116.4108953, 39.8131176 ], [ 116.4112068, 39.8132111 ], [ 116.4110656, 39.8134726 ], [ 116.4134093, 39.8139591 ], [ 116.4126892, 39.8172608 ], [ 116.4134706, 39.8173873 ], [ 116.4129957, 39.8188978 ], [ 116.4117855, 39.8191201 ], [ 116.4121198, 39.8214547 ], [ 116.4079989, 39.8226782 ], [ 116.4094903, 39.828074 ], [ 116.4096524, 39.8280853 ], [ 116.4115881, 39.8267076 ], [ 116.4137189, 39.8252004 ], [ 116.4139545, 39.8254498 ], [ 116.414744, 39.828406 ], [ 116.4189876, 39.8285725 ], [ 116.4188948, 39.8305061 ], [ 116.4188762, 39.8312777 ], [ 116.423905, 39.8312613 ], [ 116.4241126, 39.8314697 ], [ 116.4254854, 39.8316352 ], [ 116.4257646, 39.8334022 ], [ 116.4264699, 39.833243 ], [ 116.4266507, 39.8338724 ], [ 116.426962, 39.8338234 ], [ 116.4271216, 39.8342953 ], [ 116.4272174, 39.8343321 ], [ 116.4274489, 39.835803 ], [ 116.4283029, 39.8369798 ], [ 116.4289277, 39.8366618 ], [ 116.4296143, 39.8374784 ], [ 116.4300489, 39.8372748 ], [ 116.4306076, 39.8378728 ], [ 116.4303153, 39.8379748 ], [ 116.4306302, 39.8383539 ], [ 116.4296538, 39.8389086 ], [ 116.4299981, 39.8393419 ], [ 116.4298288, 39.8395153 ], [ 116.4301505, 39.8400093 ], [ 116.4303029, 39.840005 ], [ 116.4308178, 39.8397926 ], [ 116.4312172, 39.8396279 ], [ 116.4311269, 39.8393029 ], [ 116.4317646, 39.8390429 ], [ 116.4322331, 39.8389779 ], [ 116.4323187, 39.8387102 ], [ 116.4323107, 39.8377051 ], [ 116.4328794, 39.8376865 ], [ 116.4328963, 39.8382826 ], [ 116.434629, 39.8382392 ], [ 116.4348491, 39.8386293 ], [ 116.4352893, 39.8386379 ], [ 116.4353231, 39.8385512 ], [ 116.4355941, 39.8385773 ], [ 116.4357126, 39.8382869 ], [ 116.4359891, 39.8382436 ], [ 116.4359665, 39.8381569 ], [ 116.4363052, 39.8380355 ], [ 116.4363108, 39.8381742 ], [ 116.4364181, 39.8381656 ], [ 116.4365479, 39.8386813 ], [ 116.436339, 39.8387159 ], [ 116.436356, 39.8388503 ], [ 116.4360399, 39.8389023 ], [ 116.4360456, 39.8410907 ], [ 116.4366212, 39.8410907 ], [ 116.4366149, 39.8402452 ], [ 116.4368082, 39.8402436 ], [ 116.4368131, 39.8405794 ], [ 116.4379005, 39.8405924 ], [ 116.4380435, 39.8426854 ], [ 116.4405381, 39.8427071 ], [ 116.4401204, 39.8451077 ], [ 116.4400753, 39.8453591 ], [ 116.4398495, 39.846711 ], [ 116.4404929, 39.8467327 ], [ 116.4433491, 39.8469857 ], [ 116.4439446, 39.8469772 ], [ 116.4439415, 39.8476464 ], [ 116.443702, 39.8476545 ], [ 116.443713, 39.8480609 ], [ 116.4456318, 39.8480355 ], [ 116.4460729, 39.8499405 ], [ 116.4451025, 39.8501098 ], [ 116.4456098, 39.8505839 ], [ 116.4469993, 39.8505416 ], [ 116.4474955, 39.8503892 ], [ 116.4476389, 39.8500082 ], [ 116.4489622, 39.8491616 ], [ 116.4499216, 39.8491108 ], [ 116.4499657, 39.848298 ], [ 116.4505392, 39.848298 ], [ 116.4505723, 39.8492124 ], [ 116.4517853, 39.8491954 ], [ 116.4518846, 39.8477561 ], [ 116.4525131, 39.8473244 ], [ 116.454035, 39.8472651 ], [ 116.4541384, 39.847984 ], [ 116.4551755, 39.8480379 ], [ 116.4551755, 39.849325 ], [ 116.456328, 39.8493341 ], [ 116.4567585, 39.849337 ], [ 116.4569066, 39.8487982 ], [ 116.4572575, 39.8485647 ], [ 116.4572419, 39.8489958 ], [ 116.4581387, 39.8489658 ], [ 116.4582323, 39.8502051 ], [ 116.4592528, 39.8502764 ], [ 116.4595506, 39.852012 ], [ 116.4614694, 39.8511823 ], [ 116.4616195, 39.8511623 ], [ 116.461754, 39.8544948 ], [ 116.4608243, 39.8551583 ], [ 116.458513, 39.8552327 ], [ 116.4584699, 39.8547613 ], [ 116.4570883, 39.8548167 ], [ 116.4549349, 39.856473 ], [ 116.4536847, 39.8570333 ], [ 116.4503195, 39.8596757 ], [ 116.4502937, 39.8589554 ], [ 116.4470819, 39.8590295 ], [ 116.4467076, 39.8598675 ], [ 116.4465938, 39.8599209 ], [ 116.4455847, 39.8603943 ], [ 116.4439784, 39.8614118 ], [ 116.4426127, 39.8619425 ], [ 116.4425008, 39.8612607 ], [ 116.4388008, 39.8612475 ], [ 116.4387852, 39.8645596 ], [ 116.4368364, 39.8645535 ], [ 116.4368251, 39.8680416 ], [ 116.4366665, 39.8681171 ], [ 116.4367519, 39.8686242 ], [ 116.4364272, 39.8686854 ], [ 116.4364925, 39.869037 ], [ 116.4380049, 39.8686766 ], [ 116.438688, 39.8691846 ], [ 116.438832, 39.8707233 ], [ 116.4373174, 39.8708701 ] ] ] ] } },
{ "type": "Feature", "properties": { "adcode": "110108", "name": "海淀区", "source": "OSM(直接)", "area_km2": 430.814, "note": "" }, "geometry": { "type": "MultiPolygon", "coordinates": [ [ [ [ 116.3197085, 39.8956311 ], [ 116.3319279, 39.8961112 ], [ 116.3319005, 39.8970304 ], [ 116.3316612, 39.8970304 ], [ 116.3316741, 39.8974074 ], [ 116.3286866, 39.8974471 ], [ 116.328643, 39.9010506 ], [ 116.3288167, 39.9010576 ], [ 116.3288213, 39.9013102 ], [ 116.3291277, 39.9013102 ], [ 116.3291048, 39.9016119 ], [ 116.3289859, 39.9016084 ], [ 116.3289776, 39.9017929 ], [ 116.3296371, 39.9020261 ], [ 116.3292694, 39.9023029 ], [ 116.3288487, 39.902787 ], [ 116.3286567, 39.9031553 ], [ 116.3285584, 39.9060675 ], [ 116.3290439, 39.9060279 ], [ 116.3289758, 39.9080753 ], [ 116.3282066, 39.910189 ], [ 116.3282107, 39.9104413 ], [ 116.3283152, 39.916927 ], [ 116.328391, 39.9216278 ], [ 116.3268471, 39.9369714 ], [ 116.3249552, 39.9371304 ], [ 116.3247229, 39.9372036 ], [ 116.324503, 39.937544 ], [ 116.3244822, 39.937738 ], [ 116.3242588, 39.9382501 ], [ 116.3240047, 39.9385867 ], [ 116.3229016, 39.9386587 ], [ 116.3224631, 39.9405308 ], [ 116.3218631, 39.9409845 ], [ 116.3232119, 39.9416027 ], [ 116.3250456, 39.941922 ], [ 116.3258667, 39.9423737 ], [ 116.3265984, 39.9425327 ], [ 116.3272695, 39.9423597 ], [ 116.3276911, 39.9420189 ], [ 116.3280607, 39.9419964 ], [ 116.3285653, 39.9420729 ], [ 116.3297916, 39.9417181 ], [ 116.330572, 39.941704 ], [ 116.3318159, 39.9414723 ], [ 116.3325508, 39.9415021 ], [ 116.3331478, 39.9416005 ], [ 116.3334588, 39.941659 ], [ 116.3339188, 39.9414223 ], [ 116.3344865, 39.9408439 ], [ 116.3349687, 39.9407664 ], [ 116.3356919, 39.9408738 ], [ 116.3365474, 39.9416728 ], [ 116.3368818, 39.9417682 ], [ 116.337667, 39.9419141 ], [ 116.3394216, 39.9421861 ], [ 116.3404221, 39.9422686 ], [ 116.3410216, 39.9422504 ], [ 116.3415435, 39.9421417 ], [ 116.3440013, 39.9415261 ], [ 116.3453902, 39.941755 ], [ 116.3458484, 39.9419013 ], [ 116.3461812, 39.9423963 ], [ 116.3456687, 39.9437945 ], [ 116.3453758, 39.9437741 ], [ 116.3451695, 39.9441109 ], [ 116.3449565, 39.9447232 ], [ 116.34485, 39.9455805 ], [ 116.3449632, 39.9463663 ], [ 116.3454158, 39.9484583 ], [ 116.3455418, 39.949325 ], [ 116.3456392, 39.949358 ], [ 116.3458231, 39.9494202 ], [ 116.3494177, 39.9503223 ], [ 116.3499122, 39.9486725 ], [ 116.3500693, 39.9478463 ], [ 116.3501027, 39.9467786 ], [ 116.3501344, 39.9450692 ], [ 116.3501362, 39.9441314 ], [ 116.3499701, 39.943419 ], [ 116.3501569, 39.94333 ], [ 116.3499636, 39.9426532 ], [ 116.352438, 39.9430534 ], [ 116.3527731, 39.9432214 ], [ 116.3538185, 39.9434627 ], [ 116.3551601, 39.9437793 ], [ 116.3560493, 39.9441399 ], [ 116.3594516, 39.9451082 ], [ 116.3605663, 39.9455133 ], [ 116.3618873, 39.9461259 ], [ 116.3636959, 39.9467649 ], [ 116.3649919, 39.9471121 ], [ 116.3657495, 39.9472253 ], [ 116.3656943, 39.9476323 ], [ 116.3644318, 39.9603368 ], [ 116.3644097, 39.9605583 ], [ 116.3643709, 39.9609491 ], [ 116.364351, 39.961149 ], [ 116.3643379, 39.9612813 ], [ 116.3642131, 39.9625369 ], [ 116.3639096, 39.9664988 ], [ 116.3685543, 39.966608 ], [ 116.374163, 39.9666469 ], [ 116.3742381, 39.9674939 ], [ 116.3747328, 39.9712349 ], [ 116.3750142, 39.9737307 ], [ 116.3750248, 39.9738182 ], [ 116.3751375, 39.9747493 ], [ 116.3751892, 39.9757486 ], [ 116.3750141, 39.976371 ], [ 116.372231, 39.9862197 ], [ 116.372044, 39.9868815 ], [ 116.370828, 39.9906946 ], [ 116.3694134, 39.9926808 ], [ 116.3688252, 39.9935066 ], [ 116.351358, 40.0165741 ], [ 116.3447169, 40.0253424 ], [ 116.3525035, 40.0264642 ], [ 116.3576946, 40.02683 ], [ 116.3608178, 40.0275 ], [ 116.3698761, 40.029293 ], [ 116.3727717, 40.0297746 ], [ 116.372795, 40.0299706 ], [ 116.3729905, 40.0299908 ], [ 116.3729987, 40.0297861 ], [ 116.376358, 40.0299308 ], [ 116.3853485, 40.0305452 ], [ 116.3874071, 40.0309104 ], [ 116.3888261, 40.0313378 ], [ 116.3882796, 40.0321836 ], [ 116.3876729, 40.0327034 ], [ 116.3870362, 40.0334714 ], [ 116.3857627, 40.0339452 ], [ 116.3841073, 40.0353414 ], [ 116.3841133, 40.0359025 ], [ 116.3847146, 40.0377819 ], [ 116.3845469, 40.0398383 ], [ 116.3829584, 40.039615 ], [ 116.3787737, 40.0414846 ], [ 116.3767779, 40.0415216 ], [ 116.3738314, 40.0412117 ], [ 116.3736209, 40.0420545 ], [ 116.3715163, 40.0415712 ], [ 116.3712573, 40.0440996 ], [ 116.3655424, 40.0434427 ], [ 116.3647815, 40.0458408 ], [ 116.3630598, 40.0455591 ], [ 116.3619956, 40.0475017 ], [ 116.3612361, 40.0496889 ], [ 116.3608313, 40.0497509 ], [ 116.3605723, 40.0505192 ], [ 116.3598438, 40.052155 ], [ 116.3607342, 40.0522666 ], [ 116.361058, 40.051647 ], [ 116.3623046, 40.0520807 ], [ 116.3668052, 40.052911 ], [ 116.3655748, 40.0556744 ], [ 116.3661252, 40.0564179 ], [ 116.3671614, 40.056579 ], [ 116.3686022, 40.0571366 ], [ 116.3685768, 40.0575605 ], [ 116.3700914, 40.0578036 ], [ 116.3706097, 40.056864 ], [ 116.3724553, 40.0572977 ], [ 116.372342, 40.0589209 ], [ 116.3736209, 40.0591687 ], [ 116.3735562, 40.0598007 ], [ 116.3762878, 40.0600335 ], [ 116.376142, 40.0609548 ], [ 116.3760729, 40.0609615 ], [ 116.3760435, 40.061347 ], [ 116.3761473, 40.0614171 ], [ 116.3757003, 40.0633092 ], [ 116.3756365, 40.0647504 ], [ 116.3756287, 40.0648818 ], [ 116.374454, 40.0648678 ], [ 116.3745517, 40.0639002 ], [ 116.3723911, 40.0648584 ], [ 116.3722295, 40.0648381 ], [ 116.3705503, 40.0646276 ], [ 116.3689131, 40.0644223 ], [ 116.3674732, 40.0642418 ], [ 116.3668376, 40.0641621 ], [ 116.3662755, 40.0655493 ], [ 116.3660443, 40.0661198 ], [ 116.3653482, 40.0661445 ], [ 116.3653805, 40.0668755 ], [ 116.3660443, 40.0668755 ], [ 116.3660929, 40.0673463 ], [ 116.3638719, 40.0680752 ], [ 116.3638832, 40.0674847 ], [ 116.3579929, 40.0674304 ], [ 116.35708, 40.067422 ], [ 116.357033, 40.064506 ], [ 116.352067, 40.064522 ], [ 116.347064, 40.06352 ], [ 116.345782, 40.063221 ], [ 116.346102, 40.062105 ], [ 116.345716, 40.061983 ], [ 116.345896, 40.061413 ], [ 116.343349, 40.061015 ], [ 116.342858, 40.06266 ], [ 116.340836, 40.062286 ], [ 116.341053, 40.059076 ], [ 116.336713, 40.05826 ], [ 116.336772, 40.057589 ], [ 116.337148, 40.053854 ], [ 116.336988, 40.053958 ], [ 116.334124, 40.053803 ], [ 116.334023, 40.053798 ], [ 116.334013, 40.053874 ], [ 116.33391, 40.054697 ], [ 116.333692, 40.054686 ], [ 116.3336, 40.054907 ], [ 116.333089, 40.056753 ], [ 116.332784, 40.057513 ], [ 116.33182, 40.057386 ], [ 116.329358, 40.056939 ], [ 116.3272038, 40.0565595 ], [ 116.3268766, 40.0564733 ], [ 116.326552, 40.0563563 ], [ 116.325742, 40.055849 ], [ 116.3229, 40.05375 ], [ 116.322486, 40.053445 ], [ 116.321824, 40.054373 ], [ 116.319548, 40.05335 ], [ 116.318223, 40.055038 ], [ 116.317174, 40.056112 ], [ 116.316792, 40.056413 ], [ 116.314637, 40.058336 ], [ 116.314105, 40.058941 ], [ 116.312296, 40.060425 ], [ 116.311561, 40.059855 ], [ 116.307001, 40.058397 ], [ 116.306959, 40.058814 ], [ 116.30672, 40.059614 ], [ 116.306738, 40.059854 ], [ 116.306869, 40.060066 ], [ 116.303402, 40.058843 ], [ 116.299769, 40.060982 ], [ 116.299362, 40.060811 ], [ 116.297273, 40.0590918 ], [ 116.2966584, 40.0586555 ], [ 116.2944473, 40.0626885 ], [ 116.2911136, 40.068547 ], [ 116.2887156, 40.0732942 ], [ 116.2841803, 40.0818303 ], [ 116.282601, 40.081322 ], [ 116.273981, 40.078577 ], [ 116.267463, 40.09059 ], [ 116.2682676, 40.0911395 ], [ 116.2672162, 40.0938152 ], [ 116.262058, 40.093734 ], [ 116.259159, 40.093421 ], [ 116.259098, 40.093662 ], [ 116.258721, 40.09515 ], [ 116.258855, 40.095585 ], [ 116.258625, 40.095587 ], [ 116.258089, 40.095795 ], [ 116.257902, 40.095625 ], [ 116.256636, 40.095354 ], [ 116.256392, 40.097192 ], [ 116.260991, 40.097458 ], [ 116.260862, 40.100083 ], [ 116.259534, 40.100357 ], [ 116.257998, 40.100436 ], [ 116.257766, 40.100377 ], [ 116.257536, 40.100944 ], [ 116.25795, 40.101039 ], [ 116.257813, 40.102736 ], [ 116.257852, 40.103215 ], [ 116.258529, 40.104133 ], [ 116.258568, 40.104308 ], [ 116.258437, 40.104652 ], [ 116.257203, 40.106047 ], [ 116.257201, 40.106515 ], [ 116.257317, 40.106696 ], [ 116.257743, 40.107041 ], [ 116.257807, 40.107308 ], [ 116.257759, 40.107465 ], [ 116.257011, 40.10829 ], [ 116.257001, 40.108466 ], [ 116.257251, 40.109301 ], [ 116.256864, 40.10948 ], [ 116.255776, 40.109771 ], [ 116.255148, 40.110315 ], [ 116.254643, 40.110381 ], [ 116.254161, 40.110332 ], [ 116.25252, 40.109987 ], [ 116.252413, 40.11034 ], [ 116.252449, 40.110529 ], [ 116.252828, 40.111569 ], [ 116.2515305, 40.1102973 ], [ 116.2511005, 40.1094002 ], [ 116.2516348, 40.1087623 ], [ 116.252938, 40.1077357 ], [ 116.2533029, 40.106998 ], [ 116.2533551, 40.1061009 ], [ 116.2532117, 40.1049447 ], [ 116.252938, 40.1045559 ], [ 116.2516348, 40.1037584 ], [ 116.2503576, 40.1032501 ], [ 116.2498233, 40.1033099 ], [ 116.2486634, 40.1038183 ], [ 116.2472559, 40.1050443 ], [ 116.2468732, 40.1051607 ], [ 116.246109, 40.1053932 ], [ 116.2444893, 40.1053625 ], [ 116.2409461, 40.1042794 ], [ 116.2396375, 40.1040398 ], [ 116.238716, 40.104223 ], [ 116.2371125, 40.1052521 ], [ 116.234021, 40.107374 ], [ 116.234483, 40.107996 ], [ 116.234435, 40.108589 ], [ 116.234525, 40.108753 ], [ 116.235498, 40.108918 ], [ 116.236413, 40.108973 ], [ 116.2365, 40.108979 ], [ 116.236219, 40.11074 ], [ 116.237778, 40.110738 ], [ 116.236088, 40.116834 ], [ 116.235989, 40.117193 ], [ 116.238943, 40.117543 ], [ 116.238765, 40.119995 ], [ 116.23949, 40.120033 ], [ 116.239803, 40.123647 ], [ 116.24022, 40.128171 ], [ 116.240416, 40.130326 ], [ 116.240692, 40.131838 ], [ 116.240952, 40.134911 ], [ 116.236409, 40.13495 ], [ 116.231684, 40.135025 ], [ 116.228124, 40.135341 ], [ 116.227455, 40.135492 ], [ 116.223832, 40.136717 ], [ 116.217252, 40.13884 ], [ 116.217, 40.138494 ], [ 116.216922, 40.138168 ], [ 116.213408, 40.139198 ], [ 116.210491, 40.140053 ], [ 116.210396, 40.141769 ], [ 116.209135, 40.141767 ], [ 116.208673, 40.141706 ], [ 116.208284, 40.141492 ], [ 116.207504, 40.140341 ], [ 116.206987, 40.139848 ], [ 116.2065, 40.139525 ], [ 116.205652, 40.139265 ], [ 116.204236, 40.139164 ], [ 116.203645, 40.139266 ], [ 116.203224, 40.139447 ], [ 116.200875, 40.141211 ], [ 116.200115, 40.14192 ], [ 116.199765, 40.142789 ], [ 116.199719, 40.143254 ], [ 116.199436, 40.149431 ], [ 116.199242, 40.149872 ], [ 116.198268, 40.151434 ], [ 116.196908, 40.152501 ], [ 116.196915, 40.152558 ], [ 116.196962, 40.152931 ], [ 116.196842, 40.153877 ], [ 116.196457, 40.156889 ], [ 116.196196, 40.157731 ], [ 116.195954, 40.159687 ], [ 116.195773, 40.159679 ], [ 116.192059, 40.159508 ], [ 116.192104, 40.158912 ], [ 116.188078, 40.15873 ], [ 116.187847, 40.158221 ], [ 116.187845, 40.158127 ], [ 116.187983, 40.158084 ], [ 116.187952, 40.157973 ], [ 116.186351, 40.157636 ], [ 116.186681, 40.156715 ], [ 116.185707, 40.156567 ], [ 116.186381, 40.154558 ], [ 116.185652, 40.154251 ], [ 116.184874, 40.154206 ], [ 116.184295, 40.153904 ], [ 116.18346, 40.153791 ], [ 116.183239, 40.154117 ], [ 116.180407, 40.155595 ], [ 116.179449, 40.155994 ], [ 116.177773, 40.156323 ], [ 116.176433, 40.156716 ], [ 116.176624, 40.156018 ], [ 116.177892, 40.155116 ], [ 116.177886, 40.154663 ], [ 116.177321, 40.154755 ], [ 116.176774, 40.15144 ], [ 116.175516, 40.151582 ], [ 116.175438, 40.149994 ], [ 116.174264, 40.150052 ], [ 116.174176, 40.14575 ], [ 116.171365, 40.145667 ], [ 116.171431, 40.145249 ], [ 116.171732, 40.143085 ], [ 116.16718, 40.142602 ], [ 116.167386, 40.141279 ], [ 116.161405, 40.141188 ], [ 116.161422, 40.138008 ], [ 116.160736, 40.137896 ], [ 116.159499, 40.138131 ], [ 116.157519, 40.138161 ], [ 116.157421, 40.138162 ], [ 116.158029, 40.137061 ], [ 116.159715, 40.137387 ], [ 116.16011, 40.134868 ], [ 116.160852, 40.134988 ], [ 116.161219, 40.134324 ], [ 116.162052, 40.134503 ], [ 116.164092, 40.131391 ], [ 116.164382, 40.131393 ], [ 116.165511, 40.12655 ], [ 116.161122, 40.127048 ], [ 116.161117, 40.126308 ], [ 116.162282, 40.125243 ], [ 116.163095, 40.124693 ], [ 116.163757, 40.122884 ], [ 116.163964, 40.122675 ], [ 116.164054, 40.12242 ], [ 116.162664, 40.122765 ], [ 116.161486, 40.123282 ], [ 116.157029, 40.122297 ], [ 116.156671, 40.122217 ], [ 116.156539, 40.122303 ], [ 116.152267, 40.121481 ], [ 116.149614, 40.120972 ], [ 116.14638, 40.120348 ], [ 116.136268, 40.120028 ], [ 116.136205, 40.120131 ], [ 116.136055, 40.120128 ], [ 116.126551, 40.119908 ], [ 116.126465, 40.119528 ], [ 116.125939, 40.117376 ], [ 116.125842, 40.11363 ], [ 116.124276, 40.113548 ], [ 116.12287, 40.113275 ], [ 116.12265, 40.113418 ], [ 116.121633, 40.114805 ], [ 116.121309, 40.114932 ], [ 116.117557, 40.114392 ], [ 116.112991, 40.114502 ], [ 116.112171, 40.114282 ], [ 116.111741, 40.114302 ], [ 116.111517, 40.11423 ], [ 116.106925, 40.114135 ], [ 116.106942, 40.113671 ], [ 116.105627, 40.114028 ], [ 116.104884, 40.113969 ], [ 116.104431, 40.114142 ], [ 116.103923, 40.11419 ], [ 116.103042, 40.114446 ], [ 116.10211, 40.114785 ], [ 116.099459, 40.11654 ], [ 116.098975, 40.116304 ], [ 116.099003, 40.116156 ], [ 116.096829, 40.115118 ], [ 116.09591, 40.115067 ], [ 116.095929, 40.11487 ], [ 116.095754, 40.114869 ], [ 116.095847, 40.114521 ], [ 116.094545, 40.114772 ], [ 116.093825, 40.114816 ], [ 116.093731, 40.114991 ], [ 116.093813, 40.115392 ], [ 116.093729, 40.1156 ], [ 116.093569, 40.115645 ], [ 116.093334, 40.116084 ], [ 116.092815, 40.117352 ], [ 116.092157, 40.117237 ], [ 116.091967, 40.117291 ], [ 116.091573, 40.117558 ], [ 116.091117, 40.117916 ], [ 116.090804, 40.118488 ], [ 116.089935, 40.119408 ], [ 116.089878, 40.119683 ], [ 116.089656, 40.119785 ], [ 116.089179, 40.119645 ], [ 116.088611, 40.11966 ], [ 116.088363, 40.11943 ], [ 116.087284, 40.118907 ], [ 116.086772, 40.118863 ], [ 116.086513, 40.118649 ], [ 116.086072, 40.118673 ], [ 116.085553, 40.118819 ], [ 116.085185, 40.118485 ], [ 116.084719, 40.118466 ], [ 116.084344, 40.118628 ], [ 116.0839, 40.118503 ], [ 116.083382, 40.118542 ], [ 116.083179, 40.118325 ], [ 116.083379, 40.117854 ], [ 116.083006, 40.117847 ], [ 116.082644, 40.117711 ], [ 116.082188, 40.117688 ], [ 116.081449, 40.118 ], [ 116.080649, 40.117997 ], [ 116.0793, 40.118266 ], [ 116.07848, 40.118253 ], [ 116.078194, 40.118442 ], [ 116.078039, 40.118786 ], [ 116.077608, 40.118359 ], [ 116.077511, 40.118001 ], [ 116.077322, 40.117814 ], [ 116.076396, 40.117667 ], [ 116.075933, 40.117444 ], [ 116.076052, 40.117094 ], [ 116.076023, 40.116947 ], [ 116.075424, 40.116183 ], [ 116.075196, 40.116068 ], [ 116.075146, 40.115861 ], [ 116.074886, 40.115628 ], [ 116.074629, 40.115167 ], [ 116.073137, 40.114632 ], [ 116.072851, 40.1146 ], [ 116.072346, 40.114079 ], [ 116.071692, 40.113666 ], [ 116.070498, 40.113434 ], [ 116.06994, 40.113802 ], [ 116.069558, 40.113933 ], [ 116.067916, 40.114095 ], [ 116.067465, 40.113981 ], [ 116.067316, 40.113792 ], [ 116.067131, 40.113333 ], [ 116.0669, 40.113144 ], [ 116.066901, 40.112321 ], [ 116.067004, 40.111937 ], [ 116.067155, 40.111691 ], [ 116.067249, 40.111003 ], [ 116.067001, 40.110456 ], [ 116.066396, 40.109851 ], [ 116.066221, 40.109386 ], [ 116.066137, 40.108962 ], [ 116.066554, 40.108769 ], [ 116.066339, 40.108318 ], [ 116.066282, 40.107807 ], [ 116.066101, 40.107569 ], [ 116.065653, 40.107315 ], [ 116.065395, 40.106812 ], [ 116.064594, 40.106486 ], [ 116.064388, 40.106305 ], [ 116.064213, 40.105863 ], [ 116.063882, 40.105353 ], [ 116.063202, 40.103641 ], [ 116.063079, 40.103469 ], [ 116.062245, 40.102943 ], [ 116.061142, 40.102391 ], [ 116.060575, 40.102319 ], [ 116.059334, 40.10237 ], [ 116.058797, 40.102325 ], [ 116.058079, 40.101914 ], [ 116.05721, 40.101651 ], [ 116.056561, 40.101383 ], [ 116.05657, 40.10119 ], [ 116.056426, 40.100919 ], [ 116.055982, 40.100506 ], [ 116.05604, 40.100322 ], [ 116.055897, 40.099123 ], [ 116.055517, 40.09796 ], [ 116.054763, 40.097679 ], [ 116.054354, 40.097278 ], [ 116.053745, 40.097284 ], [ 116.052762, 40.097006 ], [ 116.052542, 40.09674 ], [ 116.052201, 40.096627 ], [ 116.051894, 40.096188 ], [ 116.05079, 40.095809 ], [ 116.050166, 40.095383 ], [ 116.049851, 40.095275 ], [ 116.049542, 40.095013 ], [ 116.048077, 40.093303 ], [ 116.04806, 40.092728 ], [ 116.047703, 40.091822 ], [ 116.047706, 40.091325 ], [ 116.047485, 40.090997 ], [ 116.046835, 40.090775 ], [ 116.046544, 40.090569 ], [ 116.046092, 40.090345 ], [ 116.045506, 40.090256 ], [ 116.045102, 40.089773 ], [ 116.044387, 40.088177 ], [ 116.043964, 40.087713 ], [ 116.043947, 40.087099 ], [ 116.043696, 40.086803 ], [ 116.042945, 40.086317 ], [ 116.042845, 40.086147 ], [ 116.042576, 40.084861 ], [ 116.042541, 40.0840914 ], [ 116.0425482, 40.0839068 ], [ 116.0425934, 40.0838065 ], [ 116.042731, 40.083608 ], [ 116.042953, 40.083485 ], [ 116.044979, 40.082928 ], [ 116.045005, 40.08271 ], [ 116.045583, 40.081962 ], [ 116.045576, 40.081486 ], [ 116.04566, 40.081331 ], [ 116.046116, 40.081056 ], [ 116.046207, 40.080893 ], [ 116.046253, 40.079918 ], [ 116.04642, 40.079337 ], [ 116.046946, 40.079026 ], [ 116.047797, 40.077711 ], [ 116.048384, 40.076645 ], [ 116.049213, 40.076148 ], [ 116.049666, 40.075445 ], [ 116.049871, 40.075278 ], [ 116.050955, 40.0749 ], [ 116.051364, 40.074622 ], [ 116.051566, 40.074188 ], [ 116.051641, 40.073492 ], [ 116.053199, 40.073976 ], [ 116.053362, 40.073953 ], [ 116.05382, 40.0738 ], [ 116.054438, 40.073452 ], [ 116.054687, 40.073062 ], [ 116.05487, 40.072831 ], [ 116.055683, 40.072361 ], [ 116.057649, 40.071592 ], [ 116.058402, 40.070274 ], [ 116.058963, 40.069832 ], [ 116.059062, 40.068558 ], [ 116.059166, 40.068264 ], [ 116.059142, 40.068106 ], [ 116.058969, 40.067904 ], [ 116.058622, 40.066029 ], [ 116.058912, 40.065632 ], [ 116.059221, 40.0654 ], [ 116.059753, 40.064218 ], [ 116.060496, 40.064059 ], [ 116.061274, 40.063482 ], [ 116.061661, 40.06297 ], [ 116.06223, 40.062446 ], [ 116.062605, 40.061861 ], [ 116.062677, 40.061546 ], [ 116.062825, 40.061378 ], [ 116.063621, 40.060935 ], [ 116.064761, 40.060592 ], [ 116.06502, 40.060218 ], [ 116.065116, 40.059819 ], [ 116.065101, 40.059134 ], [ 116.064928, 40.057586 ], [ 116.064556, 40.056703 ], [ 116.064044, 40.055785 ], [ 116.063745, 40.054394 ], [ 116.063306, 40.053735 ], [ 116.062982, 40.053411 ], [ 116.062699, 40.052456 ], [ 116.062357, 40.052141 ], [ 116.061965, 40.051947 ], [ 116.062024, 40.051518 ], [ 116.061982, 40.051155 ], [ 116.061678, 40.050494 ], [ 116.061706, 40.050436 ], [ 116.061962, 40.050316 ], [ 116.063101, 40.049378 ], [ 116.063332, 40.049006 ], [ 116.063415, 40.048688 ], [ 116.063383, 40.048094 ], [ 116.063101, 40.046949 ], [ 116.063148, 40.046805 ], [ 116.064216, 40.045635 ], [ 116.064464, 40.045274 ], [ 116.0646, 40.044907 ], [ 116.064612, 40.044334 ], [ 116.06533, 40.043599 ], [ 116.065837, 40.042737 ], [ 116.066168, 40.041846 ], [ 116.066625, 40.041438 ], [ 116.066761, 40.041127 ], [ 116.066957, 40.040891 ], [ 116.067151, 40.040445 ], [ 116.067083, 40.039813 ], [ 116.06758, 40.039792 ], [ 116.067843, 40.039692 ], [ 116.068161, 40.039404 ], [ 116.06876, 40.038468 ], [ 116.06874, 40.03809 ], [ 116.068575, 40.037596 ], [ 116.068714, 40.037331 ], [ 116.068765, 40.037005 ], [ 116.068675, 40.036672 ], [ 116.068544, 40.036484 ], [ 116.068481, 40.035714 ], [ 116.068807, 40.035321 ], [ 116.069257, 40.034812 ], [ 116.069324, 40.034616 ], [ 116.069292, 40.034476 ], [ 116.069883, 40.033929 ], [ 116.070284, 40.033695 ], [ 116.070778, 40.032867 ], [ 116.070835, 40.032533 ], [ 116.071416, 40.031692 ], [ 116.071718, 40.031493 ], [ 116.071795, 40.031298 ], [ 116.072558, 40.031712 ], [ 116.074158, 40.031695 ], [ 116.075162, 40.031087 ], [ 116.075734, 40.03103 ], [ 116.076362, 40.030808 ], [ 116.07675, 40.030295 ], [ 116.077327, 40.029883 ], [ 116.077539, 40.029604 ], [ 116.077828, 40.029463 ], [ 116.078365, 40.029541 ], [ 116.07966, 40.029995 ], [ 116.08105, 40.030021 ], [ 116.082391, 40.030267 ], [ 116.083064, 40.030276 ], [ 116.083851, 40.030391 ], [ 116.08458, 40.030131 ], [ 116.084838, 40.029969 ], [ 116.085461, 40.030202 ], [ 116.086373, 40.030315 ], [ 116.088684, 40.030323 ], [ 116.089078, 40.030769 ], [ 116.08972, 40.031244 ], [ 116.090504, 40.031768 ], [ 116.092012, 40.032356 ], [ 116.094102, 40.032377 ], [ 116.09487, 40.032277 ], [ 116.095848, 40.032098 ], [ 116.096709, 40.03177 ], [ 116.097347, 40.031435 ], [ 116.098695, 40.030857 ], [ 116.099551, 40.03071 ], [ 116.101169, 40.03074 ], [ 116.102086, 40.031009 ], [ 116.103427, 40.031143 ], [ 116.103907, 40.031068 ], [ 116.104188, 40.030831 ], [ 116.104516, 40.030774 ], [ 116.106157, 40.031389 ], [ 116.107054, 40.031367 ], [ 116.108148, 40.031538 ], [ 116.109609, 40.031298 ], [ 116.11076, 40.030911 ], [ 116.111497, 40.030455 ], [ 116.112365, 40.030265 ], [ 116.112956, 40.030293 ], [ 116.113648, 40.029933 ], [ 116.114757, 40.029676 ], [ 116.114982, 40.029307 ], [ 116.115067, 40.028788 ], [ 116.115075, 40.028453 ], [ 116.116344, 40.028461 ], [ 116.117009, 40.028217 ], [ 116.11776, 40.028262 ], [ 116.118424, 40.028445 ], [ 116.119151, 40.028964 ], [ 116.119867, 40.029232 ], [ 116.120548, 40.029254 ], [ 116.121564, 40.029028 ], [ 116.122887, 40.029566 ], [ 116.1234, 40.029659 ], [ 116.125371, 40.029463 ], [ 116.125883, 40.029216 ], [ 116.126947, 40.029121 ], [ 116.127858, 40.029268 ], [ 116.128412, 40.029166 ], [ 116.128927, 40.028984 ], [ 116.129517, 40.028565 ], [ 116.130846, 40.028441 ], [ 116.132057, 40.027935 ], [ 116.1327, 40.02776 ], [ 116.133767, 40.027298 ], [ 116.133994, 40.027101 ], [ 116.134446, 40.026473 ], [ 116.135228, 40.025801 ], [ 116.135869, 40.025593 ], [ 116.137003, 40.025398 ], [ 116.137135, 40.025313 ], [ 116.137985, 40.024287 ], [ 116.138494, 40.023287 ], [ 116.140651, 40.02177 ], [ 116.142165, 40.020972 ], [ 116.142325, 40.020765 ], [ 116.142453, 40.020714 ], [ 116.142972, 40.020742 ], [ 116.143897, 40.021181 ], [ 116.145102, 40.021455 ], [ 116.145693, 40.021222 ], [ 116.146639, 40.020626 ], [ 116.146847, 40.020584 ], [ 116.147472, 40.020723 ], [ 116.147964, 40.020605 ], [ 116.148427, 40.020089 ], [ 116.149117, 40.019855 ], [ 116.149581, 40.01958 ], [ 116.149687, 40.019316 ], [ 116.15108, 40.01961 ], [ 116.152727, 40.017957 ], [ 116.153729, 40.017914 ], [ 116.153926, 40.017828 ], [ 116.15455, 40.017337 ], [ 116.156433, 40.016102 ], [ 116.157615, 40.015473 ], [ 116.158483, 40.014038 ], [ 116.158488, 40.013726 ], [ 116.158263, 40.013441 ], [ 116.158308, 40.013144 ], [ 116.15976, 40.011974 ], [ 116.160009, 40.011541 ], [ 116.160053, 40.011308 ], [ 116.161047, 40.011392 ], [ 116.161222, 40.011266 ], [ 116.161561, 40.010528 ], [ 116.162142, 40.01005 ], [ 116.162455, 40.009877 ], [ 116.163385, 40.009707 ], [ 116.16383, 40.009455 ], [ 116.163873, 40.009182 ], [ 116.164182, 40.00883 ], [ 116.164922, 40.007589 ], [ 116.165114, 40.007431 ], [ 116.165614, 40.007412 ], [ 116.166376, 40.007692 ], [ 116.166568, 40.007679 ], [ 116.166838, 40.007542 ], [ 116.167164, 40.007052 ], [ 116.167112, 40.006336 ], [ 116.167175, 40.006193 ], [ 116.168197, 40.005684 ], [ 116.169188, 40.004918 ], [ 116.168712, 40.004419 ], [ 116.168284, 40.003658 ], [ 116.167557, 40.003154 ], [ 116.167603, 40.002614 ], [ 116.167459, 40.002352 ], [ 116.16709, 40.002026 ], [ 116.166587, 40.0009 ], [ 116.166544, 40.000533 ], [ 116.166627, 40.000059 ], [ 116.166599, 39.999728 ], [ 116.166555, 39.99962 ], [ 116.166245, 39.999572 ], [ 116.165976, 39.999291 ], [ 116.16525, 39.99935 ], [ 116.164227, 39.99905 ], [ 116.164149, 39.99896 ], [ 116.1642, 39.998731 ], [ 116.164009, 39.998511 ], [ 116.163712, 39.998723 ], [ 116.1632973, 39.9988655 ], [ 116.163229, 39.998889 ], [ 116.1631874, 39.9989283 ], [ 116.163034, 39.999073 ], [ 116.162542, 39.999195 ], [ 116.162034, 39.999172 ], [ 116.161716, 39.998867 ], [ 116.161342, 39.998759 ], [ 116.160971, 39.998881 ], [ 116.160033, 39.998987 ], [ 116.159345, 39.998817 ], [ 116.157536, 39.998544 ], [ 116.156474, 39.99862 ], [ 116.155377, 39.998586 ], [ 116.154419, 39.998159 ], [ 116.153727, 39.997732 ], [ 116.1535, 39.997664 ], [ 116.152925, 39.997692 ], [ 116.151909, 39.99742 ], [ 116.151031, 39.997008 ], [ 116.150373, 39.996852 ], [ 116.149789, 39.996808 ], [ 116.147303, 39.995314 ], [ 116.147332, 39.994448 ], [ 116.147207, 39.994125 ], [ 116.146586, 39.993624 ], [ 116.145543, 39.993239 ], [ 116.145335, 39.992508 ], [ 116.14481, 39.992283 ], [ 116.1490227, 39.989066 ], [ 116.1510832, 39.9855926 ], [ 116.1507627, 39.9838384 ], [ 116.1519991, 39.9826103 ], [ 116.1530623, 39.9827061 ], [ 116.1551128, 39.982891 ], [ 116.1554584, 39.9832202 ], [ 116.1568071, 39.984505 ], [ 116.1608824, 39.986154 ], [ 116.1615369, 39.9851151 ], [ 116.161634, 39.9822124 ], [ 116.1626378, 39.9817658 ], [ 116.1628968, 39.9758359 ], [ 116.1649367, 39.9752156 ], [ 116.1656216, 39.9760242 ], [ 116.1661347, 39.9766299 ], [ 116.1687955, 39.9783243 ], [ 116.1690005, 39.9784513 ], [ 116.1695282, 39.9791383 ], [ 116.1704411, 39.980426 ], [ 116.1705134, 39.9804383 ], [ 116.1712487, 39.9805635 ], [ 116.1718981, 39.9806741 ], [ 116.1726105, 39.9823364 ], [ 116.1726428, 39.9868517 ], [ 116.1752008, 39.9855864 ], [ 116.1767549, 39.9854376 ], [ 116.1772715, 39.9848844 ], [ 116.1788904, 39.9844875 ], [ 116.179457, 39.9836068 ], [ 116.1795218, 39.9826144 ], [ 116.1804608, 39.9825896 ], [ 116.1805093, 39.9815972 ], [ 116.1801532, 39.9806047 ], [ 116.1798294, 39.9801829 ], [ 116.1804931, 39.9803442 ], [ 116.1806361, 39.9783212 ], [ 116.1795135, 39.9772038 ], [ 116.1795135, 39.9745369 ], [ 116.1797589, 39.9727976 ], [ 116.1798799, 39.9719402 ], [ 116.1792846, 39.9710278 ], [ 116.1795135, 39.9685713 ], [ 116.1815741, 39.966992 ], [ 116.1844589, 39.9667814 ], [ 116.1843673, 39.9639387 ], [ 116.1857509, 39.9634085 ], [ 116.187939, 39.96257 ], [ 116.189908, 39.9610959 ], [ 116.1909373, 39.9608329 ], [ 116.1916518, 39.9606504 ], [ 116.1940489, 39.9600379 ], [ 116.1948534, 39.9598324 ], [ 116.1959065, 39.9584986 ], [ 116.1955402, 39.9566383 ], [ 116.200394, 39.9539356 ], [ 116.2011725, 39.9529528 ], [ 116.2010018, 39.9511302 ], [ 116.2019084, 39.9506586 ], [ 116.201876, 39.9499636 ], [ 116.2055995, 39.9482509 ], [ 116.2069594, 39.9470842 ], [ 116.2065709, 39.9466126 ], [ 116.2070566, 39.9448998 ], [ 116.2103156, 39.9445915 ], [ 116.2101646, 39.9424332 ], [ 116.2137022, 39.9422157 ], [ 116.2136892, 39.9395924 ], [ 116.2095587, 39.9396039 ], [ 116.2096137, 39.9390988 ], [ 116.209925, 39.9386296 ], [ 116.2100738, 39.9348904 ], [ 116.2091408, 39.9348641 ], [ 116.2091351, 39.9346051 ], [ 116.2087573, 39.9345788 ], [ 116.208763, 39.9342233 ], [ 116.2091752, 39.9342233 ], [ 116.2091981, 39.9338941 ], [ 116.2097933, 39.9339336 ], [ 116.209696, 39.9326564 ], [ 116.2092782, 39.9326696 ], [ 116.2092553, 39.9322175 ], [ 116.207893, 39.9322702 ], [ 116.2079388, 39.9327969 ], [ 116.2069486, 39.9328057 ], [ 116.2069143, 39.9323404 ], [ 116.2074523, 39.9322746 ], [ 116.2073281, 39.9311621 ], [ 116.2073333, 39.9297413 ], [ 116.2080087, 39.9297597 ], [ 116.2077221, 39.9283463 ], [ 116.2076298, 39.9282016 ], [ 116.2069974, 39.9282062 ], [ 116.207003, 39.9274463 ], [ 116.2096281, 39.9273433 ], [ 116.2085864, 39.9252518 ], [ 116.2085253, 39.9251258 ], [ 116.2083288, 39.925063 ], [ 116.2051373, 39.9251498 ], [ 116.2049551, 39.9251059 ], [ 116.2045359, 39.9249904 ], [ 116.2042964, 39.9248054 ], [ 116.2041766, 39.9247129 ], [ 116.2038481, 39.9244583 ], [ 116.2035632, 39.9242233 ], [ 116.2032607, 39.9240385 ], [ 116.2030171, 39.9239277 ], [ 116.2027842, 39.9238517 ], [ 116.2025753, 39.9238052 ], [ 116.2024733, 39.9237793 ], [ 116.2024858, 39.9234121 ], [ 116.2024929, 39.9232057 ], [ 116.2016512, 39.9232145 ], [ 116.2016512, 39.9228458 ], [ 116.2006798, 39.9228793 ], [ 116.2003884, 39.9154046 ], [ 116.2005726, 39.9154013 ], [ 116.205308, 39.9153708 ], [ 116.2058119, 39.9153673 ], [ 116.2066213, 39.9156653 ], [ 116.2070746, 39.9157026 ], [ 116.2074955, 39.9151686 ], [ 116.208985, 39.9160751 ], [ 116.2109601, 39.916609 ], [ 116.2128057, 39.916758 ], [ 116.2224417, 39.917539 ], [ 116.225109, 39.9183468 ], [ 116.2242618, 39.9171439 ], [ 116.2241245, 39.9164415 ], [ 116.2254867, 39.915985 ], [ 116.2262194, 39.9155196 ], [ 116.2275359, 39.9156864 ], [ 116.2307526, 39.9154845 ], [ 116.2306611, 39.9165293 ], [ 116.2312449, 39.9166698 ], [ 116.231428, 39.9170473 ], [ 116.2332253, 39.9170737 ], [ 116.2352172, 39.9166786 ], [ 116.2365337, 39.9167225 ], [ 116.2365222, 39.9172229 ], [ 116.2387889, 39.9171527 ], [ 116.2390522, 39.9174424 ], [ 116.2398535, 39.917302 ], [ 116.2400959, 39.9177285 ], [ 116.2405862, 39.9194267 ], [ 116.241605, 39.9194969 ], [ 116.2426238, 39.9193477 ], [ 116.2433565, 39.919453 ], [ 116.2434824, 39.9190843 ], [ 116.2440891, 39.9191721 ], [ 116.2452568, 39.9195145 ], [ 116.2457376, 39.9195672 ], [ 116.2459551, 39.919453 ], [ 116.2460352, 39.919216 ], [ 116.2466305, 39.9189087 ], [ 116.2465275, 39.9187155 ], [ 116.2447416, 39.918417 ], [ 116.244982, 39.9172668 ], [ 116.2454627, 39.9169042 ], [ 116.2467174, 39.9169415 ], [ 116.2467384, 39.9163935 ], [ 116.2467579, 39.9158861 ], [ 116.2464422, 39.9161654 ], [ 116.2441838, 39.9161841 ], [ 116.2441676, 39.9159792 ], [ 116.2437628, 39.9155011 ], [ 116.2434957, 39.9154949 ], [ 116.2432448, 39.9153149 ], [ 116.2430487, 39.9148466 ], [ 116.2431672, 39.914822 ], [ 116.2431719, 39.9142346 ], [ 116.2433095, 39.9139862 ], [ 116.2459107, 39.9139578 ], [ 116.245905, 39.9138173 ], [ 116.2464087, 39.9138305 ], [ 116.2463972, 39.9139973 ], [ 116.246736, 39.9140018 ], [ 116.2467774, 39.9102836 ], [ 116.246773, 39.9061958 ], [ 116.2467618, 39.8958269 ], [ 116.250484, 39.8958496 ], [ 116.2504954, 39.8957222 ], [ 116.2507129, 39.8957398 ], [ 116.2507129, 39.895854 ], [ 116.253448, 39.8958517 ], [ 116.2532214, 39.8956157 ], [ 116.2523795, 39.8955536 ], [ 116.2523876, 39.8951561 ], [ 116.2529269, 39.8951629 ], [ 116.2582741, 39.8950956 ], [ 116.260489, 39.8948336 ], [ 116.2629187, 39.8948485 ], [ 116.2629187, 39.8947691 ], [ 116.2680207, 39.8948391 ], [ 116.2697239, 39.8948625 ], [ 116.2709708, 39.8952104 ], [ 116.2874374, 39.8952163 ], [ 116.2887466, 39.8950215 ], [ 116.2887644, 39.891526 ], [ 116.2884054, 39.8912941 ], [ 116.2884054, 39.8883949 ], [ 116.2879142, 39.8879612 ], [ 116.2878764, 39.8874176 ], [ 116.2881787, 39.8872799 ], [ 116.2884054, 39.8870262 ], [ 116.288736, 39.8869827 ], [ 116.2887549, 39.8853083 ], [ 116.2903128, 39.8854327 ], [ 116.2903892, 39.8854388 ], [ 116.2929192, 39.8872665 ], [ 116.2929259, 39.8881532 ], [ 116.294175, 39.8881737 ], [ 116.2954708, 39.8882711 ], [ 116.2965262, 39.8881225 ], [ 116.2965129, 39.8876714 ], [ 116.2972677, 39.8876612 ], [ 116.2972677, 39.8884146 ], [ 116.2965529, 39.8883634 ], [ 116.2965062, 39.8895575 ], [ 116.296406, 39.8899829 ], [ 116.2964327, 39.8904134 ], [ 116.2965463, 39.8905416 ], [ 116.2977887, 39.8910438 ], [ 116.297782, 39.8895883 ], [ 116.3002535, 39.8895832 ], [ 116.3003069, 39.8903007 ], [ 116.2996122, 39.8903263 ], [ 116.2995855, 39.8910746 ], [ 116.3011686, 39.8910079 ], [ 116.3011719, 39.8923712 ], [ 116.3039172, 39.8928324 ], [ 116.3042631, 39.892837 ], [ 116.3046854, 39.8928427 ], [ 116.3046573, 39.8931022 ], [ 116.3046513, 39.8933689 ], [ 116.304687, 39.8939303 ], [ 116.3046751, 39.8941422 ], [ 116.3065254, 39.8941576 ], [ 116.3065014, 39.8949406 ], [ 116.3069832, 39.895216 ], [ 116.3075736, 39.8952812 ], [ 116.3083766, 39.8956979 ], [ 116.3197085, 39.8956311 ] ] ] ] } }
]
}
